bucket,category,bucket_count,test_class,test_method,params,error_summary,full_test_id
1,Stability,72,org.opensearch.sql.calcite.remote.CalciteDateTimeComparisonIT,testCompare,{DATE('2020-09-16') != TIME('09:07:00') => true #2},IllegalArgumentException — Unable to convert call to_timestamp(precision_time<9>?).,org.opensearch.sql.calcite.remote.CalciteDateTimeComparisonIT.testCompare {DATE('2020-09-16') != TIME('09:07:00') => true #2}
1,Stability,72,org.opensearch.sql.calcite.remote.CalciteDateTimeComparisonIT,testCompare,{DATE('2020-09-16') != TIME('09:07:00') => true},IllegalArgumentException — Unable to convert call to_timestamp(precision_time<9>?).,org.opensearch.sql.calcite.remote.CalciteDateTimeComparisonIT.testCompare {DATE('2020-09-16') != TIME('09:07:00') => true}
1,Stability,72,org.opensearch.sql.calcite.remote.CalciteDateTimeComparisonIT,testCompare,{DATE('2020-09-16') < TIME('09:07:00') => true #2},IllegalArgumentException — Unable to convert call to_timestamp(precision_time<9>?).,org.opensearch.sql.calcite.remote.CalciteDateTimeComparisonIT.testCompare {DATE('2020-09-16') < TIME('09:07:00') => true #2}
1,Stability,72,org.opensearch.sql.calcite.remote.CalciteDateTimeComparisonIT,testCompare,{DATE('2020-09-16') < TIME('09:07:00') => true},IllegalArgumentException — Unable to convert call to_timestamp(precision_time<9>?).,org.opensearch.sql.calcite.remote.CalciteDateTimeComparisonIT.testCompare {DATE('2020-09-16') < TIME('09:07:00') => true}
1,Stability,72,org.opensearch.sql.calcite.remote.CalciteDateTimeComparisonIT,testCompare,{DATE('2020-09-16') <= TIME('09:07:00') => true #2},IllegalArgumentException — Unable to convert call to_timestamp(precision_time<9>?).,org.opensearch.sql.calcite.remote.CalciteDateTimeComparisonIT.testCompare {DATE('2020-09-16') <= TIME('09:07:00') => true #2}
1,Stability,72,org.opensearch.sql.calcite.remote.CalciteDateTimeComparisonIT,testCompare,{DATE('2020-09-16') <= TIME('09:07:00') => true},IllegalArgumentException — Unable to convert call to_timestamp(precision_time<9>?).,org.opensearch.sql.calcite.remote.CalciteDateTimeComparisonIT.testCompare {DATE('2020-09-16') <= TIME('09:07:00') => true}
1,Stability,72,org.opensearch.sql.calcite.remote.CalciteDateTimeComparisonIT,testCompare,{DATE('2020-09-16') = TIME('09:07:00') => false #2},IllegalArgumentException — Unable to convert call to_timestamp(precision_time<9>?).,org.opensearch.sql.calcite.remote.CalciteDateTimeComparisonIT.testCompare {DATE('2020-09-16') = TIME('09:07:00') => false #2}
1,Stability,72,org.opensearch.sql.calcite.remote.CalciteDateTimeComparisonIT,testCompare,{DATE('2020-09-16') = TIME('09:07:00') => false},IllegalArgumentException — Unable to convert call to_timestamp(precision_time<9>?).,org.opensearch.sql.calcite.remote.CalciteDateTimeComparisonIT.testCompare {DATE('2020-09-16') = TIME('09:07:00') => false}
1,Stability,72,org.opensearch.sql.calcite.remote.CalciteDateTimeComparisonIT,testCompare,{DATE('2020-09-16') > TIME('09:07:00') => false #2},IllegalArgumentException — Unable to convert call to_timestamp(precision_time<9>?).,org.opensearch.sql.calcite.remote.CalciteDateTimeComparisonIT.testCompare {DATE('2020-09-16') > TIME('09:07:00') => false #2}
1,Stability,72,org.opensearch.sql.calcite.remote.CalciteDateTimeComparisonIT,testCompare,{DATE('2020-09-16') > TIME('09:07:00') => false},IllegalArgumentException — Unable to convert call to_timestamp(precision_time<9>?).,org.opensearch.sql.calcite.remote.CalciteDateTimeComparisonIT.testCompare {DATE('2020-09-16') > TIME('09:07:00') => false}
1,Stability,72,org.opensearch.sql.calcite.remote.CalciteDateTimeComparisonIT,testCompare,{DATE('2020-09-16') >= TIME('09:07:00') => false #2},IllegalArgumentException — Unable to convert call to_timestamp(precision_time<9>?).,org.opensearch.sql.calcite.remote.CalciteDateTimeComparisonIT.testCompare {DATE('2020-09-16') >= TIME('09:07:00') => false #2}
1,Stability,72,org.opensearch.sql.calcite.remote.CalciteDateTimeComparisonIT,testCompare,{DATE('2020-09-16') >= TIME('09:07:00') => false},IllegalArgumentException — Unable to convert call to_timestamp(precision_time<9>?).,org.opensearch.sql.calcite.remote.CalciteDateTimeComparisonIT.testCompare {DATE('2020-09-16') >= TIME('09:07:00') => false}
1,Stability,72,org.opensearch.sql.calcite.remote.CalciteDateTimeComparisonIT,testCompare,{DATE('2026-06-08') != TIME('00:00:00') => false #2},IllegalArgumentException — Unable to convert call to_timestamp(precision_time<9>?).,org.opensearch.sql.calcite.remote.CalciteDateTimeComparisonIT.testCompare {DATE('2026-06-08') != TIME('00:00:00') => false #2}
1,Stability,72,org.opensearch.sql.calcite.remote.CalciteDateTimeComparisonIT,testCompare,{DATE('2026-06-08') != TIME('00:00:00') => false},IllegalArgumentException — Unable to convert call to_timestamp(precision_time<9>?).,org.opensearch.sql.calcite.remote.CalciteDateTimeComparisonIT.testCompare {DATE('2026-06-08') != TIME('00:00:00') => false}
1,Stability,72,org.opensearch.sql.calcite.remote.CalciteDateTimeComparisonIT,testCompare,{DATE('2026-06-08') = TIME('00:00:00') => true #2},IllegalArgumentException — Unable to convert call to_timestamp(precision_time<9>?).,org.opensearch.sql.calcite.remote.CalciteDateTimeComparisonIT.testCompare {DATE('2026-06-08') = TIME('00:00:00') => true #2}
1,Stability,72,org.opensearch.sql.calcite.remote.CalciteDateTimeComparisonIT,testCompare,{DATE('2026-06-08') = TIME('00:00:00') => true},IllegalArgumentException — Unable to convert call to_timestamp(precision_time<9>?).,org.opensearch.sql.calcite.remote.CalciteDateTimeComparisonIT.testCompare {DATE('2026-06-08') = TIME('00:00:00') => true}
1,Stability,72,org.opensearch.sql.calcite.remote.CalciteDateTimeComparisonIT,testCompare,{TIME('00:00:00') != DATE('2026-06-08') => false #2},IllegalArgumentException — Unable to convert call to_timestamp(precision_time<9>?).,org.opensearch.sql.calcite.remote.CalciteDateTimeComparisonIT.testCompare {TIME('00:00:00') != DATE('2026-06-08') => false #2}
1,Stability,72,org.opensearch.sql.calcite.remote.CalciteDateTimeComparisonIT,testCompare,{TIME('00:00:00') != DATE('2026-06-08') => false},IllegalArgumentException — Unable to convert call to_timestamp(precision_time<9>?).,org.opensearch.sql.calcite.remote.CalciteDateTimeComparisonIT.testCompare {TIME('00:00:00') != DATE('2026-06-08') => false}
1,Stability,72,org.opensearch.sql.calcite.remote.CalciteDateTimeComparisonIT,testCompare,{TIME('00:00:00') < DATE('1961-04-12') => false},IllegalArgumentException — Unable to convert call to_timestamp(precision_time<9>?).,org.opensearch.sql.calcite.remote.CalciteDateTimeComparisonIT.testCompare {TIME('00:00:00') < DATE('1961-04-12') => false}
1,Stability,72,org.opensearch.sql.calcite.remote.CalciteDateTimeComparisonIT,testCompare,{TIME('00:00:00') < DATE('2020-09-16') => false},IllegalArgumentException — Unable to convert call to_timestamp(precision_time<9>?).,org.opensearch.sql.calcite.remote.CalciteDateTimeComparisonIT.testCompare {TIME('00:00:00') < DATE('2020-09-16') => false}
1,Stability,72,org.opensearch.sql.calcite.remote.CalciteDateTimeComparisonIT,testCompare,{TIME('00:00:00') <= DATE('1961-04-12') => false},IllegalArgumentException — Unable to convert call to_timestamp(precision_time<9>?).,org.opensearch.sql.calcite.remote.CalciteDateTimeComparisonIT.testCompare {TIME('00:00:00') <= DATE('1961-04-12') => false}
1,Stability,72,org.opensearch.sql.calcite.remote.CalciteDateTimeComparisonIT,testCompare,{TIME('00:00:00') <= DATE('2020-09-16') => false},IllegalArgumentException — Unable to convert call to_timestamp(precision_time<9>?).,org.opensearch.sql.calcite.remote.CalciteDateTimeComparisonIT.testCompare {TIME('00:00:00') <= DATE('2020-09-16') => false}
1,Stability,72,org.opensearch.sql.calcite.remote.CalciteDateTimeComparisonIT,testCompare,{TIME('00:00:00') = DATE('2026-06-08') => true #2},IllegalArgumentException — Unable to convert call to_timestamp(precision_time<9>?).,org.opensearch.sql.calcite.remote.CalciteDateTimeComparisonIT.testCompare {TIME('00:00:00') = DATE('2026-06-08') => true #2}
1,Stability,72,org.opensearch.sql.calcite.remote.CalciteDateTimeComparisonIT,testCompare,{TIME('00:00:00') = DATE('2026-06-08') => true},IllegalArgumentException — Unable to convert call to_timestamp(precision_time<9>?).,org.opensearch.sql.calcite.remote.CalciteDateTimeComparisonIT.testCompare {TIME('00:00:00') = DATE('2026-06-08') => true}
1,Stability,72,org.opensearch.sql.calcite.remote.CalciteDateTimeComparisonIT,testCompare,{TIME('00:00:00') > DATE('1961-04-12') => true},IllegalArgumentException — Unable to convert call to_timestamp(precision_time<9>?).,org.opensearch.sql.calcite.remote.CalciteDateTimeComparisonIT.testCompare {TIME('00:00:00') > DATE('1961-04-12') => true}
1,Stability,72,org.opensearch.sql.calcite.remote.CalciteDateTimeComparisonIT,testCompare,{TIME('00:00:00') > DATE('2020-09-16') => true},IllegalArgumentException — Unable to convert call to_timestamp(precision_time<9>?).,org.opensearch.sql.calcite.remote.CalciteDateTimeComparisonIT.testCompare {TIME('00:00:00') > DATE('2020-09-16') => true}
1,Stability,72,org.opensearch.sql.calcite.remote.CalciteDateTimeComparisonIT,testCompare,{TIME('00:00:00') >= DATE('1961-04-12') => true},IllegalArgumentException — Unable to convert call to_timestamp(precision_time<9>?).,org.opensearch.sql.calcite.remote.CalciteDateTimeComparisonIT.testCompare {TIME('00:00:00') >= DATE('1961-04-12') => true}
1,Stability,72,org.opensearch.sql.calcite.remote.CalciteDateTimeComparisonIT,testCompare,{TIME('00:00:00') >= DATE('2020-09-16') => true},IllegalArgumentException — Unable to convert call to_timestamp(precision_time<9>?).,org.opensearch.sql.calcite.remote.CalciteDateTimeComparisonIT.testCompare {TIME('00:00:00') >= DATE('2020-09-16') => true}
1,Stability,72,org.opensearch.sql.calcite.remote.CalciteDateTimeComparisonIT,testCompare,{TIME('09:07:00') != DATE('2026-06-08') => true #2},IllegalArgumentException — Unable to convert call to_timestamp(precision_time<9>?).,org.opensearch.sql.calcite.remote.CalciteDateTimeComparisonIT.testCompare {TIME('09:07:00') != DATE('2026-06-08') => true #2}
1,Stability,72,org.opensearch.sql.calcite.remote.CalciteDateTimeComparisonIT,testCompare,{TIME('09:07:00') != DATE('2026-06-08') => true},IllegalArgumentException — Unable to convert call to_timestamp(precision_time<9>?).,org.opensearch.sql.calcite.remote.CalciteDateTimeComparisonIT.testCompare {TIME('09:07:00') != DATE('2026-06-08') => true}
1,Stability,72,org.opensearch.sql.calcite.remote.CalciteDateTimeComparisonIT,testCompare,{TIME('09:07:00') != TIMESTAMP('1984-12-15 22:15:07') => true},IllegalArgumentException — Unable to convert call to_timestamp(precision_time<9>?).,org.opensearch.sql.calcite.remote.CalciteDateTimeComparisonIT.testCompare {TIME('09:07:00') != TIMESTAMP('1984-12-15 22:15:07') => true}
1,Stability,72,org.opensearch.sql.calcite.remote.CalciteDateTimeComparisonIT,testCompare,{TIME('09:07:00') = DATE('2026-06-08') => false #2},IllegalArgumentException — Unable to convert call to_timestamp(precision_time<9>?).,org.opensearch.sql.calcite.remote.CalciteDateTimeComparisonIT.testCompare {TIME('09:07:00') = DATE('2026-06-08') => false #2}
1,Stability,72,org.opensearch.sql.calcite.remote.CalciteDateTimeComparisonIT,testCompare,{TIME('09:07:00') = DATE('2026-06-08') => false},IllegalArgumentException — Unable to convert call to_timestamp(precision_time<9>?).,org.opensearch.sql.calcite.remote.CalciteDateTimeComparisonIT.testCompare {TIME('09:07:00') = DATE('2026-06-08') => false}
1,Stability,72,org.opensearch.sql.calcite.remote.CalciteDateTimeComparisonIT,testCompare,{TIME('09:07:00') = TIMESTAMP('1984-12-15 22:15:07') => false},IllegalArgumentException — Unable to convert call to_timestamp(precision_time<9>?).,org.opensearch.sql.calcite.remote.CalciteDateTimeComparisonIT.testCompare {TIME('09:07:00') = TIMESTAMP('1984-12-15 22:15:07') => false}
1,Stability,72,org.opensearch.sql.calcite.remote.CalciteDateTimeComparisonIT,testCompare,{TIME('10:20:30') != TIMESTAMP('2026-06-08 10:20:30') => false #2},IllegalArgumentException — Unable to convert call to_timestamp(precision_time<9>?).,org.opensearch.sql.calcite.remote.CalciteDateTimeComparisonIT.testCompare {TIME('10:20:30') != TIMESTAMP('2026-06-08 10:20:30') => false #2}
1,Stability,72,org.opensearch.sql.calcite.remote.CalciteDateTimeComparisonIT,testCompare,{TIME('10:20:30') != TIMESTAMP('2026-06-08 10:20:30') => false},IllegalArgumentException — Unable to convert call to_timestamp(precision_time<9>?).,org.opensearch.sql.calcite.remote.CalciteDateTimeComparisonIT.testCompare {TIME('10:20:30') != TIMESTAMP('2026-06-08 10:20:30') => false}
1,Stability,72,org.opensearch.sql.calcite.remote.CalciteDateTimeComparisonIT,testCompare,{TIME('10:20:30') < TIMESTAMP('2026-06-08 10:20:30') => false},IllegalArgumentException — Unable to convert call to_timestamp(precision_time<9>?).,org.opensearch.sql.calcite.remote.CalciteDateTimeComparisonIT.testCompare {TIME('10:20:30') < TIMESTAMP('2026-06-08 10:20:30') => false}
1,Stability,72,org.opensearch.sql.calcite.remote.CalciteDateTimeComparisonIT,testCompare,{TIME('10:20:30') <= TIMESTAMP('2026-06-08 10:20:30') => true},IllegalArgumentException — Unable to convert call to_timestamp(precision_time<9>?).,org.opensearch.sql.calcite.remote.CalciteDateTimeComparisonIT.testCompare {TIME('10:20:30') <= TIMESTAMP('2026-06-08 10:20:30') => true}
1,Stability,72,org.opensearch.sql.calcite.remote.CalciteDateTimeComparisonIT,testCompare,{TIME('10:20:30') = TIMESTAMP('2026-06-08 10:20:30') => true #2},IllegalArgumentException — Unable to convert call to_timestamp(precision_time<9>?).,org.opensearch.sql.calcite.remote.CalciteDateTimeComparisonIT.testCompare {TIME('10:20:30') = TIMESTAMP('2026-06-08 10:20:30') => true #2}
1,Stability,72,org.opensearch.sql.calcite.remote.CalciteDateTimeComparisonIT,testCompare,{TIME('10:20:30') = TIMESTAMP('2026-06-08 10:20:30') => true},IllegalArgumentException — Unable to convert call to_timestamp(precision_time<9>?).,org.opensearch.sql.calcite.remote.CalciteDateTimeComparisonIT.testCompare {TIME('10:20:30') = TIMESTAMP('2026-06-08 10:20:30') => true}
1,Stability,72,org.opensearch.sql.calcite.remote.CalciteDateTimeComparisonIT,testCompare,{TIME('10:20:30') > TIMESTAMP('2026-06-08 10:20:30') => false},IllegalArgumentException — Unable to convert call to_timestamp(precision_time<9>?).,org.opensearch.sql.calcite.remote.CalciteDateTimeComparisonIT.testCompare {TIME('10:20:30') > TIMESTAMP('2026-06-08 10:20:30') => false}
1,Stability,72,org.opensearch.sql.calcite.remote.CalciteDateTimeComparisonIT,testCompare,{TIME('10:20:30') >= TIMESTAMP('2026-06-08 10:20:30') => true},IllegalArgumentException — Unable to convert call to_timestamp(precision_time<9>?).,org.opensearch.sql.calcite.remote.CalciteDateTimeComparisonIT.testCompare {TIME('10:20:30') >= TIMESTAMP('2026-06-08 10:20:30') => true}
1,Stability,72,org.opensearch.sql.calcite.remote.CalciteDateTimeComparisonIT,testCompare,{TIME('20:50:40') < TIMESTAMP('2026-06-08 10:20:30') => false},IllegalArgumentException — Unable to convert call to_timestamp(precision_time<9>?).,org.opensearch.sql.calcite.remote.CalciteDateTimeComparisonIT.testCompare {TIME('20:50:40') < TIMESTAMP('2026-06-08 10:20:30') => false}
1,Stability,72,org.opensearch.sql.calcite.remote.CalciteDateTimeComparisonIT,testCompare,{TIME('20:50:40') <= TIMESTAMP('2026-06-08 10:20:30') => false},IllegalArgumentException — Unable to convert call to_timestamp(precision_time<9>?).,org.opensearch.sql.calcite.remote.CalciteDateTimeComparisonIT.testCompare {TIME('20:50:40') <= TIMESTAMP('2026-06-08 10:20:30') => false}
1,Stability,72,org.opensearch.sql.calcite.remote.CalciteDateTimeComparisonIT,testCompare,{TIME('20:50:40') > TIMESTAMP('2026-06-08 10:20:30') => true},IllegalArgumentException — Unable to convert call to_timestamp(precision_time<9>?).,org.opensearch.sql.calcite.remote.CalciteDateTimeComparisonIT.testCompare {TIME('20:50:40') > TIMESTAMP('2026-06-08 10:20:30') => true}
1,Stability,72,org.opensearch.sql.calcite.remote.CalciteDateTimeComparisonIT,testCompare,{TIME('20:50:40') >= TIMESTAMP('2026-06-08 10:20:30') => true},IllegalArgumentException — Unable to convert call to_timestamp(precision_time<9>?).,org.opensearch.sql.calcite.remote.CalciteDateTimeComparisonIT.testCompare {TIME('20:50:40') >= TIMESTAMP('2026-06-08 10:20:30') => true}
1,Stability,72,org.opensearch.sql.calcite.remote.CalciteDateTimeComparisonIT,testCompare,{TIME('22:15:07') != TIMESTAMP('1984-12-15 22:15:07') => true},IllegalArgumentException — Unable to convert call to_timestamp(precision_time<9>?).,org.opensearch.sql.calcite.remote.CalciteDateTimeComparisonIT.testCompare {TIME('22:15:07') != TIMESTAMP('1984-12-15 22:15:07') => true}
1,Stability,72,org.opensearch.sql.calcite.remote.CalciteDateTimeComparisonIT,testCompare,{TIME('22:15:07') <= TIMESTAMP('1984-12-15 22:15:07') => false},IllegalArgumentException — Unable to convert call to_timestamp(precision_time<9>?).,org.opensearch.sql.calcite.remote.CalciteDateTimeComparisonIT.testCompare {TIME('22:15:07') <= TIMESTAMP('1984-12-15 22:15:07') => false}
1,Stability,72,org.opensearch.sql.calcite.remote.CalciteDateTimeComparisonIT,testCompare,{TIME('22:15:07') = TIMESTAMP('1984-12-15 22:15:07') => false},IllegalArgumentException — Unable to convert call to_timestamp(precision_time<9>?).,org.opensearch.sql.calcite.remote.CalciteDateTimeComparisonIT.testCompare {TIME('22:15:07') = TIMESTAMP('1984-12-15 22:15:07') => false}
1,Stability,72,org.opensearch.sql.calcite.remote.CalciteDateTimeComparisonIT,testCompare,{TIME('22:15:07') > TIMESTAMP('1984-12-15 22:15:07') => true},IllegalArgumentException — Unable to convert call to_timestamp(precision_time<9>?).,org.opensearch.sql.calcite.remote.CalciteDateTimeComparisonIT.testCompare {TIME('22:15:07') > TIMESTAMP('1984-12-15 22:15:07') => true}
1,Stability,72,org.opensearch.sql.calcite.remote.CalciteDateTimeComparisonIT,testCompare,{TIMESTAMP('1977-07-08 10:20:30') >= TIME('10:20:30') => false},IllegalArgumentException — Unable to convert call to_timestamp(precision_time<9>?).,org.opensearch.sql.calcite.remote.CalciteDateTimeComparisonIT.testCompare {TIMESTAMP('1977-07-08 10:20:30') >= TIME('10:20:30') => false}
1,Stability,72,org.opensearch.sql.calcite.remote.CalciteDateTimeComparisonIT,testCompare,{TIMESTAMP('1984-12-15 10:20:30') != TIME('10:20:30') => true},IllegalArgumentException — Unable to convert call to_timestamp(precision_time<9>?).,org.opensearch.sql.calcite.remote.CalciteDateTimeComparisonIT.testCompare {TIMESTAMP('1984-12-15 10:20:30') != TIME('10:20:30') => true}
1,Stability,72,org.opensearch.sql.calcite.remote.CalciteDateTimeComparisonIT,testCompare,{TIMESTAMP('1984-12-15 10:20:30') < TIME('10:20:30') => true},IllegalArgumentException — Unable to convert call to_timestamp(precision_time<9>?).,org.opensearch.sql.calcite.remote.CalciteDateTimeComparisonIT.testCompare {TIMESTAMP('1984-12-15 10:20:30') < TIME('10:20:30') => true}
1,Stability,72,org.opensearch.sql.calcite.remote.CalciteDateTimeComparisonIT,testCompare,{TIMESTAMP('1984-12-15 10:20:30') <= TIME('10:20:30') => true},IllegalArgumentException — Unable to convert call to_timestamp(precision_time<9>?).,org.opensearch.sql.calcite.remote.CalciteDateTimeComparisonIT.testCompare {TIMESTAMP('1984-12-15 10:20:30') <= TIME('10:20:30') => true}
1,Stability,72,org.opensearch.sql.calcite.remote.CalciteDateTimeComparisonIT,testCompare,{TIMESTAMP('1984-12-15 10:20:30') = TIME('10:20:30') => false},IllegalArgumentException — Unable to convert call to_timestamp(precision_time<9>?).,org.opensearch.sql.calcite.remote.CalciteDateTimeComparisonIT.testCompare {TIMESTAMP('1984-12-15 10:20:30') = TIME('10:20:30') => false}
1,Stability,72,org.opensearch.sql.calcite.remote.CalciteDateTimeComparisonIT,testCompare,{TIMESTAMP('1984-12-15 10:20:30') > TIME('10:20:30') => false},IllegalArgumentException — Unable to convert call to_timestamp(precision_time<9>?).,org.opensearch.sql.calcite.remote.CalciteDateTimeComparisonIT.testCompare {TIMESTAMP('1984-12-15 10:20:30') > TIME('10:20:30') => false}
1,Stability,72,org.opensearch.sql.calcite.remote.CalciteDateTimeComparisonIT,testCompare,{TIMESTAMP('1984-12-15 10:20:30') >= TIME('10:20:30') => false},IllegalArgumentException — Unable to convert call to_timestamp(precision_time<9>?).,org.opensearch.sql.calcite.remote.CalciteDateTimeComparisonIT.testCompare {TIMESTAMP('1984-12-15 10:20:30') >= TIME('10:20:30') => false}
1,Stability,72,org.opensearch.sql.calcite.remote.CalciteDateTimeComparisonIT,testCompare,{TIMESTAMP('2020-09-16 10:20:30') != TIME('09:07:00') => true},IllegalArgumentException — Unable to convert call to_timestamp(precision_time<9>?).,org.opensearch.sql.calcite.remote.CalciteDateTimeComparisonIT.testCompare {TIMESTAMP('2020-09-16 10:20:30') != TIME('09:07:00') => true}
1,Stability,72,org.opensearch.sql.calcite.remote.CalciteDateTimeComparisonIT,testCompare,{TIMESTAMP('2020-09-16 10:20:30') < TIME('09:07:00') => true},IllegalArgumentException — Unable to convert call to_timestamp(precision_time<9>?).,org.opensearch.sql.calcite.remote.CalciteDateTimeComparisonIT.testCompare {TIMESTAMP('2020-09-16 10:20:30') < TIME('09:07:00') => true}
1,Stability,72,org.opensearch.sql.calcite.remote.CalciteDateTimeComparisonIT,testCompare,{TIMESTAMP('2020-09-16 10:20:30') = TIME('09:07:00') => false},IllegalArgumentException — Unable to convert call to_timestamp(precision_time<9>?).,org.opensearch.sql.calcite.remote.CalciteDateTimeComparisonIT.testCompare {TIMESTAMP('2020-09-16 10:20:30') = TIME('09:07:00') => false}
1,Stability,72,org.opensearch.sql.calcite.remote.CalciteDateTimeComparisonIT,testCompare,{TIMESTAMP('2026-06-08 10:20:30') != TIME('10:20:30') => false #2},IllegalArgumentException — Unable to convert call to_timestamp(precision_time<9>?).,org.opensearch.sql.calcite.remote.CalciteDateTimeComparisonIT.testCompare {TIMESTAMP('2026-06-08 10:20:30') != TIME('10:20:30') => false #2}
1,Stability,72,org.opensearch.sql.calcite.remote.CalciteDateTimeComparisonIT,testCompare,{TIMESTAMP('2026-06-08 10:20:30') != TIME('10:20:30') => false},IllegalArgumentException — Unable to convert call to_timestamp(precision_time<9>?).,org.opensearch.sql.calcite.remote.CalciteDateTimeComparisonIT.testCompare {TIMESTAMP('2026-06-08 10:20:30') != TIME('10:20:30') => false}
1,Stability,72,org.opensearch.sql.calcite.remote.CalciteDateTimeComparisonIT,testCompare,{TIMESTAMP('2026-06-08 10:20:30') < TIME('10:20:30') => false},IllegalArgumentException — Unable to convert call to_timestamp(precision_time<9>?).,org.opensearch.sql.calcite.remote.CalciteDateTimeComparisonIT.testCompare {TIMESTAMP('2026-06-08 10:20:30') < TIME('10:20:30') => false}
1,Stability,72,org.opensearch.sql.calcite.remote.CalciteDateTimeComparisonIT,testCompare,{TIMESTAMP('2026-06-08 10:20:30') <= TIME('10:20:30') => true},IllegalArgumentException — Unable to convert call to_timestamp(precision_time<9>?).,org.opensearch.sql.calcite.remote.CalciteDateTimeComparisonIT.testCompare {TIMESTAMP('2026-06-08 10:20:30') <= TIME('10:20:30') => true}
1,Stability,72,org.opensearch.sql.calcite.remote.CalciteDateTimeComparisonIT,testCompare,{TIMESTAMP('2026-06-08 10:20:30') = TIME('10:20:30') => true #2},IllegalArgumentException — Unable to convert call to_timestamp(precision_time<9>?).,org.opensearch.sql.calcite.remote.CalciteDateTimeComparisonIT.testCompare {TIMESTAMP('2026-06-08 10:20:30') = TIME('10:20:30') => true #2}
1,Stability,72,org.opensearch.sql.calcite.remote.CalciteDateTimeComparisonIT,testCompare,{TIMESTAMP('2026-06-08 10:20:30') = TIME('10:20:30') => true},IllegalArgumentException — Unable to convert call to_timestamp(precision_time<9>?).,org.opensearch.sql.calcite.remote.CalciteDateTimeComparisonIT.testCompare {TIMESTAMP('2026-06-08 10:20:30') = TIME('10:20:30') => true}
1,Stability,72,org.opensearch.sql.calcite.remote.CalciteDateTimeComparisonIT,testCompare,{TIMESTAMP('2026-06-08 10:20:30') > TIME('10:20:30') => false},IllegalArgumentException — Unable to convert call to_timestamp(precision_time<9>?).,org.opensearch.sql.calcite.remote.CalciteDateTimeComparisonIT.testCompare {TIMESTAMP('2026-06-08 10:20:30') > TIME('10:20:30') => false}
1,Stability,72,org.opensearch.sql.calcite.remote.CalciteDateTimeComparisonIT,testCompare,{TIMESTAMP('2026-06-08 10:20:30') >= TIME('10:20:30') => true},IllegalArgumentException — Unable to convert call to_timestamp(precision_time<9>?).,org.opensearch.sql.calcite.remote.CalciteDateTimeComparisonIT.testCompare {TIMESTAMP('2026-06-08 10:20:30') >= TIME('10:20:30') => true}
1,Stability,72,org.opensearch.sql.calcite.remote.CalciteDateTimeComparisonIT,testCompare,{TIMESTAMP('2026-06-08 20:50:42') < TIME('10:20:30') => false},IllegalArgumentException — Unable to convert call to_timestamp(precision_time<9>?).,org.opensearch.sql.calcite.remote.CalciteDateTimeComparisonIT.testCompare {TIMESTAMP('2026-06-08 20:50:42') < TIME('10:20:30') => false}
1,Stability,72,org.opensearch.sql.calcite.remote.CalciteDateTimeComparisonIT,testCompare,{TIMESTAMP('2026-06-08 20:50:42') <= TIME('10:20:30') => false},IllegalArgumentException — Unable to convert call to_timestamp(precision_time<9>?).,org.opensearch.sql.calcite.remote.CalciteDateTimeComparisonIT.testCompare {TIMESTAMP('2026-06-08 20:50:42') <= TIME('10:20:30') => false}
1,Stability,72,org.opensearch.sql.calcite.remote.CalciteDateTimeComparisonIT,testCompare,{TIMESTAMP('2026-06-08 20:50:42') > TIME('10:20:30') => true},IllegalArgumentException — Unable to convert call to_timestamp(precision_time<9>?).,org.opensearch.sql.calcite.remote.CalciteDateTimeComparisonIT.testCompare {TIMESTAMP('2026-06-08 20:50:42') > TIME('10:20:30') => true}
1,Stability,72,org.opensearch.sql.calcite.remote.CalciteDateTimeComparisonIT,testCompare,{TIMESTAMP('2026-06-08 20:50:42') >= TIME('10:20:30') => true},IllegalArgumentException — Unable to convert call to_timestamp(precision_time<9>?).,org.opensearch.sql.calcite.remote.CalciteDateTimeComparisonIT.testCompare {TIMESTAMP('2026-06-08 20:50:42') >= TIME('10:20:30') => true}
2,Correctness,64,org.opensearch.sql.calcite.remote.CalciteChartCommandIT,testChartMaxValueByTimestampSpanDayAndWeek,,AssertionError — java.lang.AssertionError:,org.opensearch.sql.calcite.remote.CalciteChartCommandIT.testChartMaxValueByTimestampSpanDayAndWeek
2,Correctness,64,org.opensearch.sql.calcite.remote.CalciteDataTypeIT,testNumericFieldFromString,,AssertionError — java.lang.AssertionError:,org.opensearch.sql.calcite.remote.CalciteDataTypeIT.testNumericFieldFromString
2,Correctness,64,org.opensearch.sql.calcite.remote.CalciteDateTimeFunctionIT,testAddDateWithInterval,,AssertionError — java.lang.AssertionError:,org.opensearch.sql.calcite.remote.CalciteDateTimeFunctionIT.testAddDateWithInterval
2,Correctness,64,org.opensearch.sql.calcite.remote.CalciteDateTimeFunctionIT,testDateAdd,,AssertionError — java.lang.AssertionError:,org.opensearch.sql.calcite.remote.CalciteDateTimeFunctionIT.testDateAdd
2,Correctness,64,org.opensearch.sql.calcite.remote.CalciteDateTimeFunctionIT,testDateFormat,,AssertionError — java.lang.AssertionError:,org.opensearch.sql.calcite.remote.CalciteDateTimeFunctionIT.testDateFormat
2,Correctness,64,org.opensearch.sql.calcite.remote.CalciteDateTimeFunctionIT,testDateSub,,AssertionError — java.lang.AssertionError:,org.opensearch.sql.calcite.remote.CalciteDateTimeFunctionIT.testDateSub
2,Correctness,64,org.opensearch.sql.calcite.remote.CalciteDateTimeFunctionIT,testFromUnixTime,,AssertionError — java.lang.AssertionError:,org.opensearch.sql.calcite.remote.CalciteDateTimeFunctionIT.testFromUnixTime
2,Correctness,64,org.opensearch.sql.calcite.remote.CalciteDateTimeFunctionIT,testMakeTime,,AssertionError — java.lang.AssertionError:,org.opensearch.sql.calcite.remote.CalciteDateTimeFunctionIT.testMakeTime
2,Correctness,64,org.opensearch.sql.calcite.remote.CalciteDateTimeFunctionIT,testMicrosecond,,AssertionError — java.lang.AssertionError:,org.opensearch.sql.calcite.remote.CalciteDateTimeFunctionIT.testMicrosecond
2,Correctness,64,org.opensearch.sql.calcite.remote.CalciteDateTimeFunctionIT,testStrftimeWithDateFields,,AssertionError — java.lang.AssertionError:,org.opensearch.sql.calcite.remote.CalciteDateTimeFunctionIT.testStrftimeWithDateFields
2,Correctness,64,org.opensearch.sql.calcite.remote.CalciteDateTimeFunctionIT,testSubDateInterval,,AssertionError — java.lang.AssertionError:,org.opensearch.sql.calcite.remote.CalciteDateTimeFunctionIT.testSubDateInterval
2,Correctness,64,org.opensearch.sql.calcite.remote.CalciteMultiValueStatsIT,testListFunctionWithBoolean,,AssertionError — java.lang.AssertionError:,org.opensearch.sql.calcite.remote.CalciteMultiValueStatsIT.testListFunctionWithBoolean
2,Correctness,64,org.opensearch.sql.calcite.remote.CalciteMultiValueStatsIT,testListFunctionWithNullValues,,AssertionError — java.lang.AssertionError:,org.opensearch.sql.calcite.remote.CalciteMultiValueStatsIT.testListFunctionWithNullValues
2,Correctness,64,org.opensearch.sql.calcite.remote.CalciteMultiValueStatsIT,testValuesFunctionGroupBy,,AssertionError — java.lang.AssertionError:,org.opensearch.sql.calcite.remote.CalciteMultiValueStatsIT.testValuesFunctionGroupBy
2,Correctness,64,org.opensearch.sql.calcite.remote.CalciteMultiValueStatsIT,testValuesFunctionMultipleFields,,AssertionError — java.lang.AssertionError:,org.opensearch.sql.calcite.remote.CalciteMultiValueStatsIT.testValuesFunctionMultipleFields
2,Correctness,64,org.opensearch.sql.calcite.remote.CalciteMultiValueStatsIT,testValuesFunctionWithBoolean,,AssertionError — java.lang.AssertionError:,org.opensearch.sql.calcite.remote.CalciteMultiValueStatsIT.testValuesFunctionWithBoolean
2,Correctness,64,org.opensearch.sql.calcite.remote.CalciteMultiValueStatsIT,testValuesFunctionWithNullValues,,AssertionError — java.lang.AssertionError:,org.opensearch.sql.calcite.remote.CalciteMultiValueStatsIT.testValuesFunctionWithNullValues
2,Correctness,64,org.opensearch.sql.calcite.remote.CalciteMultisearchCommandIT,testMultisearchWithComplexAggregation,,AssertionError — java.lang.AssertionError:,org.opensearch.sql.calcite.remote.CalciteMultisearchCommandIT.testMultisearchWithComplexAggregation
2,Correctness,64,org.opensearch.sql.calcite.remote.CalciteMultisearchCommandIT,testMultisearchWithThreeSubsearches,,AssertionError — java.lang.AssertionError:,org.opensearch.sql.calcite.remote.CalciteMultisearchCommandIT.testMultisearchWithThreeSubsearches
2,Correctness,64,org.opensearch.sql.calcite.remote.CalciteMultisearchCommandIT,testMultisearchWithTimestampInterleaving,,AssertionError — java.lang.AssertionError:,org.opensearch.sql.calcite.remote.CalciteMultisearchCommandIT.testMultisearchWithTimestampInterleaving
2,Correctness,64,org.opensearch.sql.calcite.remote.CalcitePPLBasicIT,testQueryMinusFields,,AssertionError — java.lang.AssertionError:,org.opensearch.sql.calcite.remote.CalcitePPLBasicIT.testQueryMinusFields
2,Correctness,64,org.opensearch.sql.calcite.remote.CalcitePPLBasicIT,testQueryMinusFieldsWithFilter,,AssertionError — java.lang.AssertionError:,org.opensearch.sql.calcite.remote.CalcitePPLBasicIT.testQueryMinusFieldsWithFilter
2,Correctness,64,org.opensearch.sql.calcite.remote.CalcitePPLBuiltinFunctionIT,testDivide,,AssertionError — java.lang.AssertionError:,org.opensearch.sql.calcite.remote.CalcitePPLBuiltinFunctionIT.testDivide
2,Correctness,64,org.opensearch.sql.calcite.remote.CalcitePPLBuiltinFunctionIT,testModFloatAndNegative,,AssertionError — java.lang.AssertionError:,org.opensearch.sql.calcite.remote.CalcitePPLBuiltinFunctionIT.testModFloatAndNegative
2,Correctness,64,org.opensearch.sql.calcite.remote.CalcitePPLBuiltinFunctionIT,testModShouldReturnWiderTypes,,AssertionError — java.lang.AssertionError:,org.opensearch.sql.calcite.remote.CalcitePPLBuiltinFunctionIT.testModShouldReturnWiderTypes
2,Correctness,64,org.opensearch.sql.calcite.remote.CalcitePPLCaseFunctionIT,testCaseCanBePushedDownAsRangeQuery,,AssertionError — java.lang.AssertionError:,org.opensearch.sql.calcite.remote.CalcitePPLCaseFunctionIT.testCaseCanBePushedDownAsRangeQuery
2,Correctness,64,org.opensearch.sql.calcite.remote.CalcitePPLCastFunctionIT,testCastTime,,AssertionError — java.lang.AssertionError:,org.opensearch.sql.calcite.remote.CalcitePPLCastFunctionIT.testCastTime
2,Correctness,64,org.opensearch.sql.calcite.remote.CalcitePPLCastFunctionIT,testCastTimestamp,,AssertionError — java.lang.AssertionError:,org.opensearch.sql.calcite.remote.CalcitePPLCastFunctionIT.testCastTimestamp
2,Correctness,64,org.opensearch.sql.calcite.remote.CalcitePPLConditionBuiltinFunctionIT,testEarliestWithEval,,AssertionError — java.lang.AssertionError:,org.opensearch.sql.calcite.remote.CalcitePPLConditionBuiltinFunctionIT.testEarliestWithEval
2,Correctness,64,org.opensearch.sql.calcite.remote.CalcitePPLDedupIT,testDedupComplex,,AssertionError — java.lang.AssertionError:,org.opensearch.sql.calcite.remote.CalcitePPLDedupIT.testDedupComplex
2,Correctness,64,org.opensearch.sql.calcite.remote.CalcitePPLDedupIT,testDedupExpr,,AssertionError — java.lang.AssertionError:,org.opensearch.sql.calcite.remote.CalcitePPLDedupIT.testDedupExpr
2,Correctness,64,org.opensearch.sql.calcite.remote.CalcitePPLEnhancedCoalesceIT,testCoalesceWithCompatibleNumericAndTemporalTypes,,AssertionError — java.lang.AssertionError:,org.opensearch.sql.calcite.remote.CalcitePPLEnhancedCoalesceIT.testCoalesceWithCompatibleNumericAndTemporalTypes
2,Correctness,64,org.opensearch.sql.calcite.remote.CalcitePPLEnhancedCoalesceIT,testCoalesceWithCompatibleNumericTypes,,AssertionError — java.lang.AssertionError:,org.opensearch.sql.calcite.remote.CalcitePPLEnhancedCoalesceIT.testCoalesceWithCompatibleNumericTypes
2,Correctness,64,org.opensearch.sql.calcite.remote.CalcitePPLEnhancedCoalesceIT,testCoalesceWithMultipleNonExistentFields,,AssertionError — java.lang.AssertionError:,org.opensearch.sql.calcite.remote.CalcitePPLEnhancedCoalesceIT.testCoalesceWithMultipleNonExistentFields
2,Correctness,64,org.opensearch.sql.calcite.remote.CalcitePPLEnhancedCoalesceIT,testCoalesceWithNonExistentField,,AssertionError — java.lang.AssertionError:,org.opensearch.sql.calcite.remote.CalcitePPLEnhancedCoalesceIT.testCoalesceWithNonExistentField
2,Correctness,64,org.opensearch.sql.calcite.remote.CalcitePPLEnhancedCoalesceIT,testCoalesceWithNullLiteralAndIntegerField,,AssertionError — java.lang.AssertionError:,org.opensearch.sql.calcite.remote.CalcitePPLEnhancedCoalesceIT.testCoalesceWithNullLiteralAndIntegerField
2,Correctness,64,org.opensearch.sql.calcite.remote.CalcitePPLEnhancedCoalesceIT,testCoalesceWithSpaceString,,AssertionError — java.lang.AssertionError:,org.opensearch.sql.calcite.remote.CalcitePPLEnhancedCoalesceIT.testCoalesceWithSpaceString
2,Correctness,64,org.opensearch.sql.calcite.remote.CalcitePPLExistsSubqueryIT,testExistsSubqueryAndAggregation,,AssertionError — java.lang.AssertionError:,org.opensearch.sql.calcite.remote.CalcitePPLExistsSubqueryIT.testExistsSubqueryAndAggregation
2,Correctness,64,org.opensearch.sql.calcite.remote.CalcitePPLExistsSubqueryIT,testIssue3566,,AssertionError — java.lang.AssertionError:,org.opensearch.sql.calcite.remote.CalcitePPLExistsSubqueryIT.testIssue3566
2,Correctness,64,org.opensearch.sql.calcite.remote.CalcitePPLInSubqueryIT,testTwoExpressionsInSubquery,,AssertionError — java.lang.AssertionError:,org.opensearch.sql.calcite.remote.CalcitePPLInSubqueryIT.testTwoExpressionsInSubquery
2,Correctness,64,org.opensearch.sql.calcite.remote.CalcitePPLJsonBuiltinFunctionIT,testJsonDeleteWithDollarPrefixedPath,,AssertionError — java.lang.AssertionError:,org.opensearch.sql.calcite.remote.CalcitePPLJsonBuiltinFunctionIT.testJsonDeleteWithDollarPrefixedPath
2,Correctness,64,org.opensearch.sql.calcite.remote.CalcitePPLJsonBuiltinFunctionIT,testJsonSetWithDollarPrefixedPath,,AssertionError — java.lang.AssertionError:,org.opensearch.sql.calcite.remote.CalcitePPLJsonBuiltinFunctionIT.testJsonSetWithDollarPrefixedPath
2,Correctness,64,org.opensearch.sql.calcite.remote.CalcitePPLPatternsIT,testBrainLabelMode_ShowNumberedToken,,AssertionError — java.lang.AssertionError:,org.opensearch.sql.calcite.remote.CalcitePPLPatternsIT.testBrainLabelMode_ShowNumberedToken
2,Correctness,64,org.opensearch.sql.calcite.remote.CalcitePPLPatternsIT,testBrainParseWithUUID_ShowNumberedToken,,AssertionError — java.lang.AssertionError:,org.opensearch.sql.calcite.remote.CalcitePPLPatternsIT.testBrainParseWithUUID_ShowNumberedToken
2,Correctness,64,org.opensearch.sql.calcite.remote.CalcitePPLRenameIT,testRenameFullWildcardExcludesMetadataFields,,AssertionError — java.lang.AssertionError:,org.opensearch.sql.calcite.remote.CalcitePPLRenameIT.testRenameFullWildcardExcludesMetadataFields
2,Correctness,64,org.opensearch.sql.calcite.remote.CalcitePPLSortIT,testSortAgeAndFieldsNameAge,,AssertionError — java.lang.AssertionError:,org.opensearch.sql.calcite.remote.CalcitePPLSortIT.testSortAgeAndFieldsNameAge
2,Correctness,64,org.opensearch.sql.calcite.remote.CalcitePPLSortIT,testSortWithAutoCast,,AssertionError — java.lang.AssertionError:,org.opensearch.sql.calcite.remote.CalcitePPLSortIT.testSortWithAutoCast
2,Correctness,64,org.opensearch.sql.calcite.remote.CalcitePPLSortIT,testSortWithNullValue,,AssertionError — java.lang.AssertionError:,org.opensearch.sql.calcite.remote.CalcitePPLSortIT.testSortWithNullValue
2,Correctness,64,org.opensearch.sql.calcite.remote.CalciteReverseCommandIT,testStreamstatsByWithReverse,,AssertionError — java.lang.AssertionError:,org.opensearch.sql.calcite.remote.CalciteReverseCommandIT.testStreamstatsByWithReverse
2,Correctness,64,org.opensearch.sql.calcite.remote.CalciteReverseCommandIT,testStreamstatsWindowWithReverse,,AssertionError — java.lang.AssertionError:,org.opensearch.sql.calcite.remote.CalciteReverseCommandIT.testStreamstatsWindowWithReverse
2,Correctness,64,org.opensearch.sql.calcite.remote.CalciteReverseCommandIT,testStreamstatsWithReverse,,AssertionError — java.lang.AssertionError:,org.opensearch.sql.calcite.remote.CalciteReverseCommandIT.testStreamstatsWithReverse
2,Correctness,64,org.opensearch.sql.calcite.remote.CalciteReverseCommandIT,testStreamstatsWithSortThenReverse,,AssertionError — java.lang.AssertionError:,org.opensearch.sql.calcite.remote.CalciteReverseCommandIT.testStreamstatsWithSortThenReverse
2,Correctness,64,org.opensearch.sql.calcite.remote.CalciteSortCommandIT,testHeadThenSort,,AssertionError — java.lang.AssertionError:,org.opensearch.sql.calcite.remote.CalciteSortCommandIT.testHeadThenSort
2,Correctness,64,org.opensearch.sql.calcite.remote.CalciteStatsCommandIT,testStatsBySpanTimeWithNullBucket,,AssertionError — java.lang.AssertionError:,org.opensearch.sql.calcite.remote.CalciteStatsCommandIT.testStatsBySpanTimeWithNullBucket
2,Correctness,64,org.opensearch.sql.calcite.remote.CalciteStatsCommandIT,testStatsPercentileByNullValue,,AssertionError — java.lang.AssertionError:,org.opensearch.sql.calcite.remote.CalciteStatsCommandIT.testStatsPercentileByNullValue
2,Correctness,64,org.opensearch.sql.calcite.remote.CalciteStatsCommandIT,testStatsPercentileByNullValueNonNullBucket,,AssertionError — java.lang.AssertionError:,org.opensearch.sql.calcite.remote.CalciteStatsCommandIT.testStatsPercentileByNullValueNonNullBucket
2,Correctness,64,org.opensearch.sql.calcite.remote.CalciteStatsCommandIT,testStatsPercentileBySpan,,AssertionError — java.lang.AssertionError:,org.opensearch.sql.calcite.remote.CalciteStatsCommandIT.testStatsPercentileBySpan
2,Correctness,64,org.opensearch.sql.calcite.remote.CalciteStatsCommandIT,testStatsPercentileWithNull,,AssertionError — java.lang.AssertionError:,org.opensearch.sql.calcite.remote.CalciteStatsCommandIT.testStatsPercentileWithNull
2,Correctness,64,org.opensearch.sql.calcite.remote.CalciteSystemFunctionIT,typeof_opensearch_types,,AssertionError — java.lang.AssertionError:,org.opensearch.sql.calcite.remote.CalciteSystemFunctionIT.typeof_opensearch_types
2,Correctness,64,org.opensearch.sql.calcite.remote.CalciteUnionCommandIT,testUnionMidPipeline_SingleExplicitDataset,,AssertionError — java.lang.AssertionError:,org.opensearch.sql.calcite.remote.CalciteUnionCommandIT.testUnionMidPipeline_SingleExplicitDataset
2,Correctness,64,org.opensearch.sql.calcite.remote.CalciteUnionCommandIT,testUnionThreeSubsearches,,AssertionError — java.lang.AssertionError:,org.opensearch.sql.calcite.remote.CalciteUnionCommandIT.testUnionThreeSubsearches
2,Correctness,64,org.opensearch.sql.calcite.remote.CalciteWhereCommandIT,testFilterScriptPushDownWithPPLBuiltInFunction,,AssertionError — java.lang.AssertionError:,org.opensearch.sql.calcite.remote.CalciteWhereCommandIT.testFilterScriptPushDownWithPPLBuiltInFunction
2,Correctness,64,org.opensearch.sql.ppl.dashboard.WafPplDashboardIT,testTopRequestURIs,,AssertionError — java.lang.AssertionError:,org.opensearch.sql.ppl.dashboard.WafPplDashboardIT.testTopRequestURIs
2,Correctness,64,org.opensearch.sql.ppl.dashboard.WafPplDashboardIT,testTotalBlockedRequests,,AssertionError — java.lang.AssertionError:,org.opensearch.sql.ppl.dashboard.WafPplDashboardIT.testTotalBlockedRequests
3,Correctness,12,org.opensearch.sql.calcite.remote.CalciteLikeQueryIT,test_convert_field_text_to_keyword,,AssertionError — java.lang.AssertionError,org.opensearch.sql.calcite.remote.CalciteLikeQueryIT.test_convert_field_text_to_keyword
3,Correctness,12,org.opensearch.sql.calcite.remote.CalciteMultiValueStatsIT,testValuesFunctionWithDuplicates,,AssertionError — java.lang.AssertionError,org.opensearch.sql.calcite.remote.CalciteMultiValueStatsIT.testValuesFunctionWithDuplicates
3,Correctness,12,org.opensearch.sql.calcite.remote.CalciteParseCommandIT,testParseErrorInvalidGroupNameHyphen,,AssertionError — java.lang.AssertionError,org.opensearch.sql.calcite.remote.CalciteParseCommandIT.testParseErrorInvalidGroupNameHyphen
3,Correctness,12,org.opensearch.sql.calcite.remote.CalciteParseCommandIT,testParseErrorInvalidGroupNameSpecialCharacter,,AssertionError — java.lang.AssertionError,org.opensearch.sql.calcite.remote.CalciteParseCommandIT.testParseErrorInvalidGroupNameSpecialCharacter
3,Correctness,12,org.opensearch.sql.calcite.remote.CalciteParseCommandIT,testParseErrorInvalidGroupNameStartingWithDigit,,AssertionError — java.lang.AssertionError,org.opensearch.sql.calcite.remote.CalciteParseCommandIT.testParseErrorInvalidGroupNameStartingWithDigit
3,Correctness,12,org.opensearch.sql.calcite.remote.CalciteParseCommandIT,testParseErrorInvalidGroupNameUnderscore,,AssertionError — java.lang.AssertionError,org.opensearch.sql.calcite.remote.CalciteParseCommandIT.testParseErrorInvalidGroupNameUnderscore
3,Correctness,12,org.opensearch.sql.calcite.remote.CalciteRexCommandIT,testRexErrorInvalidGroupNameHyphen,,AssertionError — java.lang.AssertionError,org.opensearch.sql.calcite.remote.CalciteRexCommandIT.testRexErrorInvalidGroupNameHyphen
3,Correctness,12,org.opensearch.sql.calcite.remote.CalciteRexCommandIT,testRexErrorInvalidGroupNameSpecialCharacter,,AssertionError — java.lang.AssertionError,org.opensearch.sql.calcite.remote.CalciteRexCommandIT.testRexErrorInvalidGroupNameSpecialCharacter
3,Correctness,12,org.opensearch.sql.calcite.remote.CalciteRexCommandIT,testRexErrorInvalidGroupNameStartingWithDigit,,AssertionError — java.lang.AssertionError,org.opensearch.sql.calcite.remote.CalciteRexCommandIT.testRexErrorInvalidGroupNameStartingWithDigit
3,Correctness,12,org.opensearch.sql.calcite.remote.CalciteRexCommandIT,testRexErrorInvalidGroupNameUnderscore,,AssertionError — java.lang.AssertionError,org.opensearch.sql.calcite.remote.CalciteRexCommandIT.testRexErrorInvalidGroupNameUnderscore
3,Correctness,12,org.opensearch.sql.calcite.remote.CalciteSortCommandIT,testPushdownSortCastToDoubleExpression,,AssertionError — java.lang.AssertionError,org.opensearch.sql.calcite.remote.CalciteSortCommandIT.testPushdownSortCastToDoubleExpression
3,Correctness,12,org.opensearch.sql.calcite.remote.CalciteStatsCommandIT,testStatsWithLimit,,AssertionError — java.lang.AssertionError,org.opensearch.sql.calcite.remote.CalciteStatsCommandIT.testStatsWithLimit
4,Correctness,8,org.opensearch.sql.calcite.remote.CalciteOperatorIT,testEqualOperator,,AssertionError — java.lang.AssertionError: expected:<1> but was:<0>,org.opensearch.sql.calcite.remote.CalciteOperatorIT.testEqualOperator
4,Correctness,8,org.opensearch.sql.calcite.remote.CalciteOperatorIT,testGreaterOperator,,AssertionError — java.lang.AssertionError: expected:<1> but was:<0>,org.opensearch.sql.calcite.remote.CalciteOperatorIT.testGreaterOperator
4,Correctness,8,org.opensearch.sql.calcite.remote.CalciteOperatorIT,testLessOperator,,AssertionError — java.lang.AssertionError: expected:<1> but was:<0>,org.opensearch.sql.calcite.remote.CalciteOperatorIT.testLessOperator
4,Correctness,8,org.opensearch.sql.calcite.remote.CalcitePPLExistsSubqueryIT,testSubsearchMaxOut3,,AssertionError — java.lang.AssertionError: expected:<1> but was:<0>,org.opensearch.sql.calcite.remote.CalcitePPLExistsSubqueryIT.testSubsearchMaxOut3
4,Correctness,8,org.opensearch.sql.calcite.remote.CalciteWhereCommandIT,testDoubleEqualWithSpecialCharacters,,AssertionError — java.lang.AssertionError: expected:<1> but was:<0>,org.opensearch.sql.calcite.remote.CalciteWhereCommandIT.testDoubleEqualWithSpecialCharacters
4,Correctness,8,org.opensearch.sql.calcite.remote.CalciteWhereCommandIT,testFilterOnComputedNestedFields,,AssertionError — java.lang.AssertionError: expected:<1> but was:<0>,org.opensearch.sql.calcite.remote.CalciteWhereCommandIT.testFilterOnComputedNestedFields
4,Correctness,8,org.opensearch.sql.calcite.remote.CalciteWhereCommandIT,testFilterOnNestedAndRootFields,,AssertionError — java.lang.AssertionError: expected:<1> but was:<0>,org.opensearch.sql.calcite.remote.CalciteWhereCommandIT.testFilterOnNestedAndRootFields
4,Correctness,8,org.opensearch.sql.calcite.remote.CalciteWhereCommandIT,testFilterOnNestedFields,,AssertionError — java.lang.AssertionError: expected:<1> but was:<0>,org.opensearch.sql.calcite.remote.CalciteWhereCommandIT.testFilterOnNestedFields
5,Correctness,6,org.opensearch.sql.calcite.remote.CalciteOperatorIT,testLteOperator,,AssertionError — java.lang.AssertionError: expected:<2> but was:<0>,org.opensearch.sql.calcite.remote.CalciteOperatorIT.testLteOperator
5,Correctness,6,org.opensearch.sql.calcite.remote.CalcitePPLBasicIT,testFilterQueryWithOr2,,AssertionError — java.lang.AssertionError: expected:<2> but was:<0>,org.opensearch.sql.calcite.remote.CalcitePPLBasicIT.testFilterQueryWithOr2
5,Correctness,6,org.opensearch.sql.calcite.remote.CalcitePPLExistsSubqueryIT,testSubsearchMaxOut2,,AssertionError — java.lang.AssertionError: expected:<2> but was:<0>,org.opensearch.sql.calcite.remote.CalcitePPLExistsSubqueryIT.testSubsearchMaxOut2
5,Correctness,6,org.opensearch.sql.calcite.remote.CalcitePPLExistsSubqueryIT,testSubsearchMaxOut4,,AssertionError — java.lang.AssertionError: expected:<2> but was:<0>,org.opensearch.sql.calcite.remote.CalcitePPLExistsSubqueryIT.testSubsearchMaxOut4
5,Correctness,6,org.opensearch.sql.calcite.remote.CalcitePPLInSubqueryIT,testInSubqueryWithTableAlias,,AssertionError — java.lang.AssertionError: expected:<2> but was:<0>,org.opensearch.sql.calcite.remote.CalcitePPLInSubqueryIT.testInSubqueryWithTableAlias
5,Correctness,6,org.opensearch.sql.ppl.dashboard.NfwPplDashboardIT,testTopLongLivedTCPFlows,,AssertionError — java.lang.AssertionError: expected:<2> but was:<0>,org.opensearch.sql.ppl.dashboard.NfwPplDashboardIT.testTopLongLivedTCPFlows
6,Stability,6,org.opensearch.sql.calcite.remote.CalcitePPLEvalMaxMinFunctionIT,testEvalMaxIgnoresNulls,,undefined — java.lang.AssertionError:,org.opensearch.sql.calcite.remote.CalcitePPLEvalMaxMinFunctionIT.testEvalMaxIgnoresNulls
6,Stability,6,org.opensearch.sql.calcite.remote.CalcitePPLEvalMaxMinFunctionIT,testEvalMaxNumeric,,undefined — java.lang.AssertionError:,org.opensearch.sql.calcite.remote.CalcitePPLEvalMaxMinFunctionIT.testEvalMaxNumeric
6,Stability,6,org.opensearch.sql.calcite.remote.CalcitePPLEvalMaxMinFunctionIT,testEvalMaxString,,undefined — java.lang.AssertionError:,org.opensearch.sql.calcite.remote.CalcitePPLEvalMaxMinFunctionIT.testEvalMaxString
6,Stability,6,org.opensearch.sql.calcite.remote.CalcitePPLEvalMaxMinFunctionIT,testEvalMinIgnoresNulls,,undefined — java.lang.AssertionError:,org.opensearch.sql.calcite.remote.CalcitePPLEvalMaxMinFunctionIT.testEvalMinIgnoresNulls
6,Stability,6,org.opensearch.sql.calcite.remote.CalcitePPLEvalMaxMinFunctionIT,testEvalMinNumeric,,undefined — java.lang.AssertionError:,org.opensearch.sql.calcite.remote.CalcitePPLEvalMaxMinFunctionIT.testEvalMinNumeric
6,Stability,6,org.opensearch.sql.calcite.remote.CalcitePPLEvalMaxMinFunctionIT,testEvalMinString,,undefined — java.lang.AssertionError:,org.opensearch.sql.calcite.remote.CalcitePPLEvalMaxMinFunctionIT.testEvalMinString
7,Stability,5,org.opensearch.sql.calcite.remote.CalciteBinCommandIT,testStatsWithBinsOnTimeAndTermField_Avg,,string — java.lang.AssertionError:,org.opensearch.sql.calcite.remote.CalciteBinCommandIT.testStatsWithBinsOnTimeAndTermField_Avg
7,Stability,5,org.opensearch.sql.calcite.remote.CalciteBinCommandIT,testStatsWithBinsOnTimeAndTermField_Count,,string — java.lang.AssertionError:,org.opensearch.sql.calcite.remote.CalciteBinCommandIT.testStatsWithBinsOnTimeAndTermField_Count
7,Stability,5,org.opensearch.sql.calcite.remote.CalciteBinCommandIT,testStatsWithBinsOnTimeField_Avg,,string — java.lang.AssertionError:,org.opensearch.sql.calcite.remote.CalciteBinCommandIT.testStatsWithBinsOnTimeField_Avg
7,Stability,5,org.opensearch.sql.calcite.remote.CalciteBinCommandIT,testStatsWithBinsOnTimeField_Count,,string — java.lang.AssertionError:,org.opensearch.sql.calcite.remote.CalciteBinCommandIT.testStatsWithBinsOnTimeField_Count
7,Stability,5,org.opensearch.sql.calcite.remote.CalcitePPLCaseFunctionIT,testNestedCaseAggWithAutoDateHistogram,,string — java.lang.AssertionError:,org.opensearch.sql.calcite.remote.CalcitePPLCaseFunctionIT.testNestedCaseAggWithAutoDateHistogram
8,Stability,4,org.opensearch.sql.calcite.remote.CalciteBinCommandIT,testBinTimestampSpan6Days,,"IllegalArgumentException — Unable to convert call ADDDATE(char<10>, i64?).",org.opensearch.sql.calcite.remote.CalciteBinCommandIT.testBinTimestampSpan6Days
8,Stability,4,org.opensearch.sql.calcite.remote.CalciteBinCommandIT,testBinTimestampSpan7Days,,"IllegalArgumentException — Unable to convert call ADDDATE(char<10>, i64?).",org.opensearch.sql.calcite.remote.CalciteBinCommandIT.testBinTimestampSpan7Days
8,Stability,4,org.opensearch.sql.calcite.remote.CalciteMultisearchCommandIT,testMultisearchBinAndStats,,"IllegalArgumentException — Unable to convert call ADDDATE(char<10>, i64?).",org.opensearch.sql.calcite.remote.CalciteMultisearchCommandIT.testMultisearchBinAndStats
8,Stability,4,org.opensearch.sql.calcite.remote.CalciteMultisearchCommandIT,testMultisearchBinTimestamp,,"IllegalArgumentException — Unable to convert call ADDDATE(char<10>, i64?).",org.opensearch.sql.calcite.remote.CalciteMultisearchCommandIT.testMultisearchBinTimestamp
9,Unsupported,4,org.opensearch.sql.calcite.remote.CalcitePPLEventstatsIT,testEventstatsDistinctCount,,IllegalStateException — Window function [APPROX_COUNT_DISTINCT] is not supported,org.opensearch.sql.calcite.remote.CalcitePPLEventstatsIT.testEventstatsDistinctCount
9,Unsupported,4,org.opensearch.sql.calcite.remote.CalcitePPLEventstatsIT,testEventstatsDistinctCountByCountry,,IllegalStateException — Window function [APPROX_COUNT_DISTINCT] is not supported,org.opensearch.sql.calcite.remote.CalcitePPLEventstatsIT.testEventstatsDistinctCountByCountry
9,Unsupported,4,org.opensearch.sql.calcite.remote.CalcitePPLEventstatsIT,testEventstatsDistinctCountFunction,,IllegalStateException — Window function [APPROX_COUNT_DISTINCT] is not supported,org.opensearch.sql.calcite.remote.CalcitePPLEventstatsIT.testEventstatsDistinctCountFunction
9,Unsupported,4,org.opensearch.sql.calcite.remote.CalcitePPLEventstatsIT,testEventstatsDistinctCountWithNull,,IllegalStateException — Window function [APPROX_COUNT_DISTINCT] is not supported,org.opensearch.sql.calcite.remote.CalcitePPLEventstatsIT.testEventstatsDistinctCountWithNull
10,Unsupported,4,org.opensearch.sql.calcite.remote.CalcitePPLAggregationIT,testCountDistinctApprox,,UnsupportedOperationException — Unable to find binding for call APPROX_COUNT_DISTINCT($1),org.opensearch.sql.calcite.remote.CalcitePPLAggregationIT.testCountDistinctApprox
10,Unsupported,4,org.opensearch.sql.calcite.remote.CalcitePPLAggregationIT,testCountDistinctApproxWithAlias,,UnsupportedOperationException — Unable to find binding for call APPROX_COUNT_DISTINCT($1),org.opensearch.sql.calcite.remote.CalcitePPLAggregationIT.testCountDistinctApproxWithAlias
10,Unsupported,4,org.opensearch.sql.calcite.remote.CalcitePPLAggregationPaginatingIT,testCountDistinctApprox,,UnsupportedOperationException — Unable to find binding for call APPROX_COUNT_DISTINCT($1),org.opensearch.sql.calcite.remote.CalcitePPLAggregationPaginatingIT.testCountDistinctApprox
10,Unsupported,4,org.opensearch.sql.calcite.remote.CalcitePPLAggregationPaginatingIT,testCountDistinctApproxWithAlias,,UnsupportedOperationException — Unable to find binding for call APPROX_COUNT_DISTINCT($1),org.opensearch.sql.calcite.remote.CalcitePPLAggregationPaginatingIT.testCountDistinctApproxWithAlias
11,Correctness,3,org.opensearch.sql.calcite.remote.CalciteMultiMatchIT,test_wildcard_multi_match,,AssertionError — java.lang.AssertionError: expected:<10> but was:<0>,org.opensearch.sql.calcite.remote.CalciteMultiMatchIT.test_wildcard_multi_match
11,Correctness,3,org.opensearch.sql.calcite.remote.CalciteQueryStringIT,wildcard_test,,AssertionError — java.lang.AssertionError: expected:<10> but was:<0>,org.opensearch.sql.calcite.remote.CalciteQueryStringIT.wildcard_test
11,Correctness,3,org.opensearch.sql.calcite.remote.CalciteSimpleQueryStringIT,test_wildcard_simple_query_string,,AssertionError — java.lang.AssertionError: expected:<10> but was:<0>,org.opensearch.sql.calcite.remote.CalciteSimpleQueryStringIT.test_wildcard_simple_query_string
12,Unsupported,2,org.opensearch.sql.ppl.dashboard.NfwPplDashboardIT,testTopSourceAndDestinationByBytes,,"AssertionError — Variadic arguments must have consistent types when parameterConsistency is CONSISTENT. Argument at index 1 has type FixedChar{nullable=false, length=1} but argument at index 2 has type Str{nullable=true}",org.opensearch.sql.ppl.dashboard.NfwPplDashboardIT.testTopSourceAndDestinationByBytes
12,Unsupported,2,org.opensearch.sql.ppl.dashboard.NfwPplDashboardIT,testTopSourceAndDestinationPackets,,"AssertionError — Variadic arguments must have consistent types when parameterConsistency is CONSISTENT. Argument at index 1 has type FixedChar{nullable=false, length=1} but argument at index 2 has type Str{nullable=true}",org.opensearch.sql.ppl.dashboard.NfwPplDashboardIT.testTopSourceAndDestinationPackets
13,Correctness,2,org.opensearch.sql.calcite.remote.CalciteWhereCommandIT,testScriptFilterOnDifferentNestedHierarchyShouldThrow,,"AssertionError — java.lang.AssertionError: expected java.lang.Exception to be thrown, but nothing was thrown",org.opensearch.sql.calcite.remote.CalciteWhereCommandIT.testScriptFilterOnDifferentNestedHierarchyShouldThrow
13,Correctness,2,org.opensearch.sql.ppl.FieldsCommandIT,testEnhancedFieldsWhenCalciteDisabled,,"AssertionError — java.lang.AssertionError: expected java.lang.Exception to be thrown, but nothing was thrown",org.opensearch.sql.ppl.FieldsCommandIT.testEnhancedFieldsWhenCalciteDisabled
14,Correctness,2,org.opensearch.sql.calcite.remote.CalcitePPLScalarSubqueryIT,testTwoUncorrelatedScalarSubqueriesInOr,,AssertionError — java.lang.AssertionError: expected:<2> but was:<9>,org.opensearch.sql.calcite.remote.CalcitePPLScalarSubqueryIT.testTwoUncorrelatedScalarSubqueriesInOr
14,Correctness,2,org.opensearch.sql.calcite.remote.CalcitePPLScalarSubqueryIT,testUncorrelatedScalarSubqueryInSelectAndWhere,,AssertionError — java.lang.AssertionError: expected:<2> but was:<9>,org.opensearch.sql.calcite.remote.CalcitePPLScalarSubqueryIT.testUncorrelatedScalarSubqueryInSelectAndWhere
15,Correctness,2,org.opensearch.sql.calcite.remote.CalciteOperatorIT,testGteOperator,,AssertionError — java.lang.AssertionError: expected:<3> but was:<0>,org.opensearch.sql.calcite.remote.CalciteOperatorIT.testGteOperator
15,Correctness,2,org.opensearch.sql.calcite.remote.CalciteSettingsIT,testQuerySizeLimit,,AssertionError — java.lang.AssertionError: expected:<3> but was:<0>,org.opensearch.sql.calcite.remote.CalciteSettingsIT.testQuerySizeLimit
16,Correctness,2,org.opensearch.sql.calcite.remote.CalcitePPLInSubqueryIT,testWhereInSubquery,,AssertionError — java.lang.AssertionError: expected:<5> but was:<18>,org.opensearch.sql.calcite.remote.CalcitePPLInSubqueryIT.testWhereInSubquery
16,Correctness,2,org.opensearch.sql.calcite.remote.CalcitePPLScalarSubqueryIT,testCorrelatedScalarSubqueryInWhere,,AssertionError — java.lang.AssertionError: expected:<5> but was:<18>,org.opensearch.sql.calcite.remote.CalcitePPLScalarSubqueryIT.testCorrelatedScalarSubqueryInWhere
17,Correctness,2,org.opensearch.sql.calcite.remote.CalcitePPLExistsSubqueryIT,testNestedExistsSubquery,,AssertionError — java.lang.AssertionError: expected:<5> but was:<21>,org.opensearch.sql.calcite.remote.CalcitePPLExistsSubqueryIT.testNestedExistsSubquery
17,Correctness,2,org.opensearch.sql.calcite.remote.CalcitePPLInSubqueryIT,testInSubqueryWithParentheses,,AssertionError — java.lang.AssertionError: expected:<5> but was:<21>,org.opensearch.sql.calcite.remote.CalcitePPLInSubqueryIT.testInSubqueryWithParentheses
18,Unsupported,2,org.opensearch.sql.calcite.remote.CalciteDedupCommandIT,testConsecutiveDedup,,CalciteUnsupportedException — Consecutive deduplication is unsupported in Calcite,org.opensearch.sql.calcite.remote.CalciteDedupCommandIT.testConsecutiveDedup
18,Unsupported,2,org.opensearch.sql.calcite.remote.CalcitePPLDedupIT,testConsecutiveImplicitFallbackV2,,CalciteUnsupportedException — Consecutive deduplication is unsupported in Calcite,org.opensearch.sql.calcite.remote.CalcitePPLDedupIT.testConsecutiveImplicitFallbackV2
19,Stability,2,org.opensearch.sql.calcite.remote.CalcitePPLBuiltinFunctionsNullIT,testAddSubDateNull,,"IllegalArgumentException — Unable to convert call ADDDATE(precision_timestamp<3>?, i32).",org.opensearch.sql.calcite.remote.CalcitePPLBuiltinFunctionsNullIT.testAddSubDateNull
19,Stability,2,org.opensearch.sql.calcite.remote.CalcitePPLBuiltinFunctionsNullIT,testAdddateNull,,"IllegalArgumentException — Unable to convert call ADDDATE(precision_timestamp<3>?, i32).",org.opensearch.sql.calcite.remote.CalcitePPLBuiltinFunctionsNullIT.testAdddateNull
20,Unsupported,2,org.opensearch.sql.calcite.remote.CalcitePPLBasicIT,testMultipleTablesAndFilters_WithIndexPattern,,"IllegalStateException — Alias [opensearch-sql_test_index_bank,test*] resolves to indices with incompatible field types: [age] is [long] in [test] but [integer] in [opensearch-sql_test_index_bank]",org.opensearch.sql.calcite.remote.CalcitePPLBasicIT.testMultipleTablesAndFilters_WithIndexPattern
20,Unsupported,2,org.opensearch.sql.calcite.remote.CalcitePPLBasicIT,testMultipleTables_WithIndexPattern,,"IllegalStateException — Alias [opensearch-sql_test_index_bank,test*] resolves to indices with incompatible field types: [age] is [long] in [test] but [integer] in [opensearch-sql_test_index_bank]",org.opensearch.sql.calcite.remote.CalcitePPLBasicIT.testMultipleTables_WithIndexPattern
21,Unsupported,2,org.opensearch.sql.calcite.remote.CalcitePPLJsonBuiltinFunctionIT,testJsonAppend,,IllegalStateException — No backend supports scalar function [JSON_OBJECT] among [datafusion],org.opensearch.sql.calcite.remote.CalcitePPLJsonBuiltinFunctionIT.testJsonAppend
21,Unsupported,2,org.opensearch.sql.calcite.remote.CalcitePPLJsonBuiltinFunctionIT,testJsonExtend,,IllegalStateException — No backend supports scalar function [JSON_OBJECT] among [datafusion],org.opensearch.sql.calcite.remote.CalcitePPLJsonBuiltinFunctionIT.testJsonExtend
22,Unsupported,2,org.opensearch.sql.calcite.remote.CalcitePPLAggregationIT,testMinMaxWithBooleanNestedField,,UnsupportedOperationException — Unable to find binding for call MIN($0),org.opensearch.sql.calcite.remote.CalcitePPLAggregationIT.testMinMaxWithBooleanNestedField
22,Unsupported,2,org.opensearch.sql.calcite.remote.CalcitePPLAggregationPaginatingIT,testMinMaxWithBooleanNestedField,,UnsupportedOperationException — Unable to find binding for call MIN($0),org.opensearch.sql.calcite.remote.CalcitePPLAggregationPaginatingIT.testMinMaxWithBooleanNestedField
23,Unsupported,2,org.opensearch.sql.calcite.remote.CalcitePPLAggregationIT,testMixedTypesNestedFieldAggregations,,UnsupportedOperationException — Unable to find binding for call MIN($1),org.opensearch.sql.calcite.remote.CalcitePPLAggregationIT.testMixedTypesNestedFieldAggregations
23,Unsupported,2,org.opensearch.sql.calcite.remote.CalcitePPLAggregationPaginatingIT,testMixedTypesNestedFieldAggregations,,UnsupportedOperationException — Unable to find binding for call MIN($1),org.opensearch.sql.calcite.remote.CalcitePPLAggregationPaginatingIT.testMixedTypesNestedFieldAggregations
24,Stability,2,org.opensearch.sql.calcite.remote.CalciteCsvFormatIT,escapeSanitizeTest,,"string — java.lang.AssertionError: Line count is different. expected=firstname,lastname",org.opensearch.sql.calcite.remote.CalciteCsvFormatIT.escapeSanitizeTest
24,Stability,2,org.opensearch.sql.calcite.remote.CalciteCsvFormatIT,sanitizeTest,,"string — java.lang.AssertionError: Line count is different. expected=firstname,lastname",org.opensearch.sql.calcite.remote.CalciteCsvFormatIT.sanitizeTest
25,Unsupported,1,org.opensearch.sql.calcite.remote.CalciteTextFunctionIT,testConcat,,"AssertionError — Variadic arguments must have consistent types when parameterConsistency is CONSISTENT. Argument at index 1 has type Str{nullable=false} but argument at index 3 has type FixedChar{nullable=false, length=1}",org.opensearch.sql.calcite.remote.CalciteTextFunctionIT.testConcat
26,Correctness,1,org.opensearch.sql.calcite.remote.CalciteMultiValueStatsIT,testValuesFunctionRespectsConfiguredLimit,,"AssertionError — java.lang.AssertionError: Expected at most 3 values with limit=3, but got 13: [""3"",""-9"",""9"",""2"",""-5"",""-8"",""-6"",""0"",""5"",""4"",""-3"",""6"",""-4""]",org.opensearch.sql.calcite.remote.CalciteMultiValueStatsIT.testValuesFunctionRespectsConfiguredLimit
27,Correctness,1,org.opensearch.sql.calcite.remote.CalciteLikeQueryIT,test_the_default_3rd_option,,AssertionError — java.lang.AssertionError: expected:<0> but was:<7>,org.opensearch.sql.calcite.remote.CalciteLikeQueryIT.test_the_default_3rd_option
28,Correctness,1,org.opensearch.sql.calcite.remote.CalciteDataTypeIT,test_nonnumeric_data_types,,AssertionError — java.lang.AssertionError: expected:<10> but was:<11>,org.opensearch.sql.calcite.remote.CalciteDataTypeIT.test_nonnumeric_data_types
29,Correctness,1,org.opensearch.sql.calcite.remote.CalcitePPLInSubqueryIT,testSubsearchMaxOut,,AssertionError — java.lang.AssertionError: expected:<1> but was:<11>,org.opensearch.sql.calcite.remote.CalcitePPLInSubqueryIT.testSubsearchMaxOut
30,Correctness,1,org.opensearch.sql.calcite.remote.CalcitePPLExistsSubqueryIT,testSubsearchMaxOut1,,AssertionError — java.lang.AssertionError: expected:<1> but was:<14>,org.opensearch.sql.calcite.remote.CalcitePPLExistsSubqueryIT.testSubsearchMaxOut1
31,Correctness,1,org.opensearch.sql.calcite.remote.CalcitePPLStringBuiltinFunctionIT,testRTrim,,AssertionError — java.lang.AssertionError: expected:<1> but was:<2>,org.opensearch.sql.calcite.remote.CalcitePPLStringBuiltinFunctionIT.testRTrim
32,Correctness,1,org.opensearch.sql.calcite.remote.CalcitePPLScalarSubqueryIT,testUncorrelatedScalarSubqueryInSelectAndInFilter,,AssertionError — java.lang.AssertionError: expected:<2> but was:<11>,org.opensearch.sql.calcite.remote.CalcitePPLScalarSubqueryIT.testUncorrelatedScalarSubqueryInSelectAndInFilter
33,Correctness,1,org.opensearch.sql.calcite.remote.CalcitePPLInSubqueryIT,testSelfInSubquery,,AssertionError — java.lang.AssertionError: expected:<2> but was:<17>,org.opensearch.sql.calcite.remote.CalcitePPLInSubqueryIT.testSelfInSubquery
34,Correctness,1,org.opensearch.sql.calcite.remote.CalciteSettingsIT,testQuerySizeLimit_NoPushdown,,AssertionError — java.lang.AssertionError: expected:<2> but was:<3>,org.opensearch.sql.calcite.remote.CalciteSettingsIT.testQuerySizeLimit_NoPushdown
35,Correctness,1,org.opensearch.sql.calcite.remote.CalciteOperatorIT,testNotOperator,,AssertionError — java.lang.AssertionError: expected:<2> but was:<7>,org.opensearch.sql.calcite.remote.CalciteOperatorIT.testNotOperator
36,Correctness,1,org.opensearch.sql.calcite.remote.CalcitePPLInSubqueryIT,testNestedInSubquery,,AssertionError — java.lang.AssertionError: expected:<3> but was:<15>,org.opensearch.sql.calcite.remote.CalcitePPLInSubqueryIT.testNestedInSubquery
37,Correctness,1,org.opensearch.sql.calcite.remote.CalcitePPLInSubqueryIT,testNestedInSubquery2,,AssertionError — java.lang.AssertionError: expected:<3> but was:<17>,org.opensearch.sql.calcite.remote.CalcitePPLInSubqueryIT.testNestedInSubquery2
38,Correctness,1,org.opensearch.sql.calcite.remote.CalcitePPLInSubqueryIT,testInCorrelatedSubquery,,AssertionError — java.lang.AssertionError: expected:<3> but was:<1>,org.opensearch.sql.calcite.remote.CalcitePPLInSubqueryIT.testInCorrelatedSubquery
39,Correctness,1,org.opensearch.sql.calcite.remote.CalcitePPLConditionBuiltinFunctionIT,testIsBlank,,AssertionError — java.lang.AssertionError: expected:<3> but was:<21>,org.opensearch.sql.calcite.remote.CalcitePPLConditionBuiltinFunctionIT.testIsBlank
40,Correctness,1,org.opensearch.sql.calcite.remote.CalcitePPLCaseFunctionIT,testCaseWhenInSubquery,,AssertionError — java.lang.AssertionError: expected:<3> but was:<24>,org.opensearch.sql.calcite.remote.CalcitePPLCaseFunctionIT.testCaseWhenInSubquery
41,Correctness,1,org.opensearch.sql.calcite.remote.CalcitePPLCaseFunctionIT,testCaseAggWithNullValues,,AssertionError — java.lang.AssertionError: expected:<3> but was:<4>,org.opensearch.sql.calcite.remote.CalcitePPLCaseFunctionIT.testCaseAggWithNullValues
42,Correctness,1,org.opensearch.sql.calcite.remote.CalcitePPLInSubqueryIT,testTwoExpressionsNotInSubquery,,AssertionError — java.lang.AssertionError: expected:<3> but was:<6>,org.opensearch.sql.calcite.remote.CalcitePPLInSubqueryIT.testTwoExpressionsNotInSubquery
43,Correctness,1,org.opensearch.sql.calcite.remote.CalcitePPLStringBuiltinFunctionIT,testTrim,,AssertionError — java.lang.AssertionError: expected:<3> but was:<9>,org.opensearch.sql.calcite.remote.CalcitePPLStringBuiltinFunctionIT.testTrim
44,Correctness,1,org.opensearch.sql.calcite.remote.CalcitePPLCaseFunctionIT,testCaseWhenNoElse,,AssertionError — java.lang.AssertionError: expected:<4> but was:<20>,org.opensearch.sql.calcite.remote.CalcitePPLCaseFunctionIT.testCaseWhenNoElse
45,Correctness,1,org.opensearch.sql.calcite.remote.CalcitePPLCaseFunctionIT,testCaseWhenWithCast,,AssertionError — java.lang.AssertionError: expected:<4> but was:<28>,org.opensearch.sql.calcite.remote.CalcitePPLCaseFunctionIT.testCaseWhenWithCast
46,Correctness,1,org.opensearch.sql.calcite.remote.CalcitePPLCaseFunctionIT,testCaseWhenWithIn,,AssertionError — java.lang.AssertionError: expected:<4> but was:<36>,org.opensearch.sql.calcite.remote.CalcitePPLCaseFunctionIT.testCaseWhenWithIn
47,Correctness,1,org.opensearch.sql.ppl.dashboard.NfwPplDashboardIT,testTopBlockedDestinationIPs,,AssertionError — java.lang.AssertionError: expected:<4> but was:<3>,org.opensearch.sql.ppl.dashboard.NfwPplDashboardIT.testTopBlockedDestinationIPs
48,Correctness,1,org.opensearch.sql.calcite.remote.CalciteObjectFieldOperateIT,verify_schema_without_fields,,AssertionError — java.lang.AssertionError: expected:<4> but was:<5>,org.opensearch.sql.calcite.remote.CalciteObjectFieldOperateIT.verify_schema_without_fields
49,Correctness,1,org.opensearch.sql.calcite.remote.CalciteMultisearchCommandIT,testMultisearchWithoutFurtherProcessing,,AssertionError — java.lang.AssertionError: expected:<51> but was:<52>,org.opensearch.sql.calcite.remote.CalciteMultisearchCommandIT.testMultisearchWithoutFurtherProcessing
50,Correctness,1,org.opensearch.sql.calcite.remote.CalcitePPLExistsSubqueryIT,testSimpleExistsSubquery,,AssertionError — java.lang.AssertionError: expected:<5> but was:<12>,org.opensearch.sql.calcite.remote.CalcitePPLExistsSubqueryIT.testSimpleExistsSubquery
51,Correctness,1,org.opensearch.sql.calcite.remote.CalcitePPLInSubqueryIT,testSubsearchMaxOutZeroMeansUnlimited,,AssertionError — java.lang.AssertionError: expected:<5> but was:<13>,org.opensearch.sql.calcite.remote.CalcitePPLInSubqueryIT.testSubsearchMaxOutZeroMeansUnlimited
52,Correctness,1,org.opensearch.sql.calcite.remote.CalcitePPLExistsSubqueryIT,testSubsearchMaxOutNegativeMeansUnlimited,,AssertionError — java.lang.AssertionError: expected:<5> but was:<15>,org.opensearch.sql.calcite.remote.CalcitePPLExistsSubqueryIT.testSubsearchMaxOutNegativeMeansUnlimited
53,Correctness,1,org.opensearch.sql.calcite.remote.CalcitePPLScalarSubqueryIT,testTwoCorrelatedScalarSubqueriesInOr,,AssertionError — java.lang.AssertionError: expected:<5> but was:<16>,org.opensearch.sql.calcite.remote.CalcitePPLScalarSubqueryIT.testTwoCorrelatedScalarSubqueriesInOr
54,Correctness,1,org.opensearch.sql.calcite.remote.CalcitePPLScalarSubqueryIT,testSubsearchMaxOutZeroMeansUnlimited,,AssertionError — java.lang.AssertionError: expected:<5> but was:<17>,org.opensearch.sql.calcite.remote.CalcitePPLScalarSubqueryIT.testSubsearchMaxOutZeroMeansUnlimited
55,Correctness,1,org.opensearch.sql.calcite.remote.CalcitePPLConditionBuiltinFunctionIT,testIsNotNullWithMultipleNotEquals,,AssertionError — java.lang.AssertionError: expected:<5> but was:<51>,org.opensearch.sql.calcite.remote.CalcitePPLConditionBuiltinFunctionIT.testIsNotNullWithMultipleNotEquals
56,Correctness,1,org.opensearch.sql.calcite.remote.CalcitePPLScalarSubqueryIT,testDisjunctiveCorrelatedScalarSubquery,,AssertionError — java.lang.AssertionError: expected:<5> but was:<6>,org.opensearch.sql.calcite.remote.CalcitePPLScalarSubqueryIT.testDisjunctiveCorrelatedScalarSubquery
57,Correctness,1,org.opensearch.sql.calcite.remote.CalcitePPLInSubqueryIT,testFilterInSubquery,,AssertionError — java.lang.AssertionError: expected:<5> but was:<7>,org.opensearch.sql.calcite.remote.CalcitePPLInSubqueryIT.testFilterInSubquery
58,Correctness,1,org.opensearch.sql.calcite.remote.CalcitePPLScalarSubqueryIT,testCorrelatedScalarSubqueryInFilter,,AssertionError — java.lang.AssertionError: expected:<5> but was:<8>,org.opensearch.sql.calcite.remote.CalcitePPLScalarSubqueryIT.testCorrelatedScalarSubqueryInFilter
59,Correctness,1,org.opensearch.sql.calcite.remote.CalcitePPLExistsSubqueryIT,testSimpleExistsSubqueryInFilter,,AssertionError — java.lang.AssertionError: expected:<5> but was:<9>,org.opensearch.sql.calcite.remote.CalcitePPLExistsSubqueryIT.testSimpleExistsSubqueryInFilter
60,Correctness,1,org.opensearch.sql.calcite.remote.CalciteOperatorIT,testNotEqualOperator,,AssertionError — java.lang.AssertionError: expected:<6> but was:<0>,org.opensearch.sql.calcite.remote.CalciteOperatorIT.testNotEqualOperator
61,Correctness,1,org.opensearch.sql.calcite.remote.CalcitePPLConditionBuiltinFunctionIT,testIsNotNullWithSingleNotEquals,,AssertionError — java.lang.AssertionError: expected:<6> but was:<40>,org.opensearch.sql.calcite.remote.CalcitePPLConditionBuiltinFunctionIT.testIsNotNullWithSingleNotEquals
62,Correctness,1,org.opensearch.sql.calcite.remote.CalcitePPLScalarSubqueryIT,testCorrelatedScalarSubqueryInSelectWithNonEqual,,AssertionError — java.lang.AssertionError: expected:<7> but was:<11>,org.opensearch.sql.calcite.remote.CalcitePPLScalarSubqueryIT.testCorrelatedScalarSubqueryInSelectWithNonEqual
63,Correctness,1,org.opensearch.sql.calcite.remote.CalcitePPLScalarSubqueryIT,testCorrelatedScalarSubqueryInSelect,,AssertionError — java.lang.AssertionError: expected:<7> but was:<12>,org.opensearch.sql.calcite.remote.CalcitePPLScalarSubqueryIT.testCorrelatedScalarSubqueryInSelect
64,Correctness,1,org.opensearch.sql.calcite.remote.CalcitePPLScalarSubqueryIT,testUncorrelatedScalarSubqueryInSelect,,AssertionError — java.lang.AssertionError: expected:<7> but was:<13>,org.opensearch.sql.calcite.remote.CalcitePPLScalarSubqueryIT.testUncorrelatedScalarSubqueryInSelect
65,Correctness,1,org.opensearch.sql.calcite.remote.CalcitePPLExistsSubqueryIT,testSubsearchMaxOutUncorrelated,,AssertionError — java.lang.AssertionError: expected:<7> but was:<18>,org.opensearch.sql.calcite.remote.CalcitePPLExistsSubqueryIT.testSubsearchMaxOutUncorrelated
66,Correctness,1,org.opensearch.sql.calcite.remote.CalcitePPLExistsSubqueryIT,testUncorrelatedExistsSubquery,,AssertionError — java.lang.AssertionError: expected:<7> but was:<19>,org.opensearch.sql.calcite.remote.CalcitePPLExistsSubqueryIT.testUncorrelatedExistsSubquery
67,Correctness,1,org.opensearch.sql.calcite.remote.CalcitePPLExistsSubqueryIT,testUncorrelatedSubsearchMaxOutZeroMeansUnlimited,,AssertionError — java.lang.AssertionError: expected:<7> but was:<21>,org.opensearch.sql.calcite.remote.CalcitePPLExistsSubqueryIT.testUncorrelatedSubsearchMaxOutZeroMeansUnlimited
68,Correctness,1,org.opensearch.sql.calcite.remote.CalcitePPLConditionBuiltinFunctionIT,testIsPresent,,AssertionError — java.lang.AssertionError: expected:<7> but was:<23>,org.opensearch.sql.calcite.remote.CalcitePPLConditionBuiltinFunctionIT.testIsPresent
69,Correctness,1,org.opensearch.sql.calcite.remote.CalcitePPLExistsSubqueryIT,testUncorrelatedExistsSubqueryCheckTheReturnContentOfInnerTableIsEmptyOrNot,,AssertionError — java.lang.AssertionError: expected:<7> but was:<25>,org.opensearch.sql.calcite.remote.CalcitePPLExistsSubqueryIT.testUncorrelatedExistsSubqueryCheckTheReturnContentOfInnerTableIsEmptyOrNot
70,Correctness,1,org.opensearch.sql.calcite.remote.CalcitePPLConditionBuiltinFunctionIT,testIsNotNull,,AssertionError — java.lang.AssertionError: expected:<7> but was:<35>,org.opensearch.sql.calcite.remote.CalcitePPLConditionBuiltinFunctionIT.testIsNotNull
71,Correctness,1,org.opensearch.sql.calcite.remote.CalcitePPLConditionBuiltinFunctionIT,testIf,,AssertionError — java.lang.AssertionError: expected:<7> but was:<49>,org.opensearch.sql.calcite.remote.CalcitePPLConditionBuiltinFunctionIT.testIf
72,Correctness,1,org.opensearch.sql.calcite.remote.CalcitePPLInSubqueryIT,testEmptyInSubquery,,AssertionError — java.lang.AssertionError: expected:<7> but was:<8>,org.opensearch.sql.calcite.remote.CalcitePPLInSubqueryIT.testEmptyInSubquery
73,Correctness,1,org.opensearch.sql.calcite.remote.CalcitePPLConditionBuiltinFunctionIT,testNullIf,,AssertionError — java.lang.AssertionError: expected:<8> but was:<10>,org.opensearch.sql.calcite.remote.CalcitePPLConditionBuiltinFunctionIT.testNullIf
74,Correctness,1,org.opensearch.sql.calcite.remote.CalcitePPLConditionBuiltinFunctionIT,testEvalIsNullInComplexExpression,,AssertionError — java.lang.AssertionError: expected:<8> but was:<16>,org.opensearch.sql.calcite.remote.CalcitePPLConditionBuiltinFunctionIT.testEvalIsNullInComplexExpression
75,Correctness,1,org.opensearch.sql.calcite.remote.CalcitePPLConditionBuiltinFunctionIT,testNullIfWithExpression,,AssertionError — java.lang.AssertionError: expected:<8> but was:<28>,org.opensearch.sql.calcite.remote.CalcitePPLConditionBuiltinFunctionIT.testNullIfWithExpression
76,Correctness,1,org.opensearch.sql.calcite.remote.CalcitePPLConditionBuiltinFunctionIT,testEvalIsNotNullDirect,,AssertionError — java.lang.AssertionError: expected:<8> but was:<38>,org.opensearch.sql.calcite.remote.CalcitePPLConditionBuiltinFunctionIT.testEvalIsNotNullDirect
77,Correctness,1,org.opensearch.sql.calcite.remote.CalcitePPLConditionBuiltinFunctionIT,testIfNull,,AssertionError — java.lang.AssertionError: expected:<8> but was:<46>,org.opensearch.sql.calcite.remote.CalcitePPLConditionBuiltinFunctionIT.testIfNull
78,Correctness,1,org.opensearch.sql.calcite.remote.CalcitePPLConditionBuiltinFunctionIT,testEvalIsNullWithIf,,AssertionError — java.lang.AssertionError: expected:<8> but was:<52>,org.opensearch.sql.calcite.remote.CalcitePPLConditionBuiltinFunctionIT.testEvalIsNullWithIf
79,Stability,1,org.opensearch.sql.calcite.remote.CalciteResourceMonitorIT,queryExceedResourceLimitShouldFail,,AssertionFailedError — junit.framework.AssertionFailedError: Expected exception ResponseException but no exception was thrown,org.opensearch.sql.calcite.remote.CalciteResourceMonitorIT.queryExceedResourceLimitShouldFail
80,Stability,1,org.opensearch.sql.calcite.remote.CalcitePPLCastFunctionIT,testCastToIP,,"ExpressionEvaluationException — Cannot convert BINARY to IP, only STRING and IP types are supported",org.opensearch.sql.calcite.remote.CalcitePPLCastFunctionIT.testCastToIP
81,Stability,1,org.opensearch.sql.calcite.remote.CalcitePPLBuiltinFunctionsNullIT,testTimediffNull,,"ExpressionEvaluationException — TIMEDIFF function expects {[TIME,TIME]}, but got [TIMESTAMP,TIMESTAMP]",org.opensearch.sql.calcite.remote.CalcitePPLBuiltinFunctionsNullIT.testTimediffNull
82,Stability,1,org.opensearch.sql.calcite.remote.CalcitePPLAppendCommandIT,testAppendSchemaMergeWithIpUDT,,ExpressionEvaluationException — unsupported object class [B,org.opensearch.sql.calcite.remote.CalcitePPLAppendCommandIT.testAppendSchemaMergeWithIpUDT
83,Unsupported,1,org.opensearch.sql.calcite.remote.CalcitePPLMapPathIT,testMvcombineOnMapPath,,IllegalArgumentException — No enum constant org.opensearch.analytics.spi.AggregateFunction.ARRAY_AGG,org.opensearch.sql.calcite.remote.CalcitePPLMapPathIT.testMvcombineOnMapPath
84,Stability,1,org.opensearch.sql.calcite.remote.CalciteDateTimeFunctionIT,testAddDateWithDays,,"IllegalArgumentException — Unable to convert call ADDDATE(date?, i32).",org.opensearch.sql.calcite.remote.CalciteDateTimeFunctionIT.testAddDateWithDays
85,Stability,1,org.opensearch.sql.calcite.remote.CalciteMathematicalFunctionIT,testRand,,IllegalArgumentException — Unable to convert call RAND(i32).,org.opensearch.sql.calcite.remote.CalciteMathematicalFunctionIT.testRand
86,Stability,1,org.opensearch.sql.calcite.remote.CalciteDateTimeFunctionIT,testSubDateDays,,"IllegalArgumentException — Unable to convert call SUBDATE(date?, i32).",org.opensearch.sql.calcite.remote.CalciteDateTimeFunctionIT.testSubDateDays
87,Stability,1,org.opensearch.sql.calcite.remote.CalcitePPLBuiltinFunctionsNullIT,testSubdateNull,,"IllegalArgumentException — Unable to convert call SUBDATE(precision_timestamp<3>?, i32).",org.opensearch.sql.calcite.remote.CalcitePPLBuiltinFunctionsNullIT.testSubdateNull
88,Stability,1,org.opensearch.sql.calcite.remote.CalcitePPLBuiltinFunctionsNullIT,testDatetimeNullString,,"IllegalArgumentException — Unable to convert call convert_tz(precision_timestamp<9>?, char<6>, string).",org.opensearch.sql.calcite.remote.CalcitePPLBuiltinFunctionsNullIT.testDatetimeNullString
89,Unsupported,1,org.opensearch.sql.calcite.remote.CalcitePPLBasicIT,testMultipleTables_DifferentTables,,"IllegalStateException — Alias [opensearch-sql_test_index_bank,test] resolves to indices with incompatible field types: [age] is [integer] in [opensearch-sql_test_index_bank] but [long] in [test]",org.opensearch.sql.calcite.remote.CalcitePPLBasicIT.testMultipleTables_DifferentTables
90,Unsupported,1,org.opensearch.sql.calcite.remote.CalciteDataTypeIT,testBooleanFieldFromNumberAcrossWildcardIndices,,IllegalStateException — Alias [repro_bool_test_*] resolves to indices with incompatible field types: [flag] is [text] in [repro_bool_test_aa] but [boolean] in [repro_bool_test_bb],org.opensearch.sql.calcite.remote.CalciteDataTypeIT.testBooleanFieldFromNumberAcrossWildcardIndices
91,Unsupported,1,org.opensearch.sql.calcite.remote.CalcitePPLBasicIT,testRegexpFilter,,IllegalStateException — No backend can evaluate filter predicate [OTHER_FUNCTION] on fields [name:text],org.opensearch.sql.calcite.remote.CalcitePPLBasicIT.testRegexpFilter
92,Unsupported,1,org.opensearch.sql.calcite.remote.CalcitePPLEnhancedCoalesceIT,testCoalesceWithAllNonExistentFields,,IllegalStateException — No backend supports scalar function [COALESCE] among [datafusion],org.opensearch.sql.calcite.remote.CalcitePPLEnhancedCoalesceIT.testCoalesceWithAllNonExistentFields
93,Unsupported,1,org.opensearch.sql.calcite.remote.CalcitePPLJsonBuiltinFunctionIT,testJson,,IllegalStateException — No backend supports scalar function [JSON] among [datafusion],org.opensearch.sql.calcite.remote.CalcitePPLJsonBuiltinFunctionIT.testJson
94,Unsupported,1,org.opensearch.sql.calcite.remote.CalciteTextFunctionIT,testRegexp,,IllegalStateException — No backend supports scalar function [REGEXP] among [datafusion],org.opensearch.sql.calcite.remote.CalciteTextFunctionIT.testRegexp
95,Unsupported,1,org.opensearch.sql.calcite.remote.CalciteArrayFunctionIT,testExists,,IllegalStateException — No backend supports scalar function [exists] among [datafusion],org.opensearch.sql.calcite.remote.CalciteArrayFunctionIT.testExists
96,Unsupported,1,org.opensearch.sql.calcite.remote.CalciteArrayFunctionIT,testFilter,,IllegalStateException — No backend supports scalar function [filter] among [datafusion],org.opensearch.sql.calcite.remote.CalciteArrayFunctionIT.testFilter
97,Unsupported,1,org.opensearch.sql.calcite.remote.CalciteArrayFunctionIT,testForAll,,IllegalStateException — No backend supports scalar function [forall] among [datafusion],org.opensearch.sql.calcite.remote.CalciteArrayFunctionIT.testForAll
98,Unsupported,1,org.opensearch.sql.calcite.remote.CalcitePPLCaseFunctionIT,testCaseWhenInFilter,,IllegalStateException — Unrecognized filter operator [IS NOT TRUE / IS_NOT_TRUE],org.opensearch.sql.calcite.remote.CalcitePPLCaseFunctionIT.testCaseWhenInFilter
99,Stability,1,org.opensearch.sql.calcite.remote.CalcitePPLEvalMaxMinFunctionIT,testEvalMaxNumericAndString,,"SqlValidatorException — Cannot infer return type for GREATEST; operand types: [INTEGER, BIGINT, VARCHAR, VARCHAR]",org.opensearch.sql.calcite.remote.CalcitePPLEvalMaxMinFunctionIT.testEvalMaxNumericAndString
100,Stability,1,org.opensearch.sql.calcite.remote.CalcitePPLEvalMaxMinFunctionIT,testEvalMinNumericAndString,,"SqlValidatorException — Cannot infer return type for LEAST; operand types: [INTEGER, BIGINT, VARCHAR, VARCHAR]",org.opensearch.sql.calcite.remote.CalcitePPLEvalMaxMinFunctionIT.testEvalMinNumericAndString
101,Stability,1,org.opensearch.sql.calcite.remote.CalcitePPLBasicIT,testAllFieldsInTable,,StreamException — Failed to start streaming fragment on [a][0],org.opensearch.sql.calcite.remote.CalcitePPLBasicIT.testAllFieldsInTable
102,Stability,1,org.opensearch.sql.calcite.remote.CalcitePPLPluginIT,testQueryEndpointShouldOK,,StreamException — Failed to start streaming fragment on [a][0],org.opensearch.sql.calcite.remote.CalcitePPLPluginIT.testQueryEndpointShouldOK
103,Stability,1,org.opensearch.sql.calcite.remote.CalciteNotLikeNullIT,testNotLikeWithNoMatch,,StreamException — Failed to start streaming fragment on [issue5169_not_like_null][0],org.opensearch.sql.calcite.remote.CalciteNotLikeNullIT.testNotLikeWithNoMatch
104,Stability,1,org.opensearch.sql.calcite.remote.CalciteNotLikeNullIT,testNotLikeExcludesNull,,StreamException — Failed to start streaming fragment on [issue5169_not_like_null][0],org.opensearch.sql.calcite.remote.CalciteNotLikeNullIT.testNotLikeExcludesNull
105,Stability,1,org.opensearch.sql.calcite.remote.CalciteNotLikeNullIT,testNotGreaterThanExcludesNull,,StreamException — Failed to start streaming fragment on [issue5169_not_like_null][0],org.opensearch.sql.calcite.remote.CalciteNotLikeNullIT.testNotGreaterThanExcludesNull
106,Stability,1,org.opensearch.sql.calcite.remote.CalcitePPLLookupIT,testCorrectnessCombination,,StreamException — Failed to start streaming fragment on [l][0],org.opensearch.sql.calcite.remote.CalcitePPLLookupIT.testCorrectnessCombination
107,Stability,1,org.opensearch.sql.calcite.remote.CalcitePPLAggregationPaginatingIT,testPercentileShortcutsEquivalentToStandard,,StreamException — Failed to start streaming fragment on [opensearch-sql_test_index_bank][0],org.opensearch.sql.calcite.remote.CalcitePPLAggregationPaginatingIT.testPercentileShortcutsEquivalentToStandard
108,Stability,1,org.opensearch.sql.calcite.remote.CalcitePPLAggregationPaginatingIT,testPercentileShortcutsWithDecimals,,StreamException — Failed to start streaming fragment on [opensearch-sql_test_index_bank][0],org.opensearch.sql.calcite.remote.CalcitePPLAggregationPaginatingIT.testPercentileShortcutsWithDecimals
109,Stability,1,org.opensearch.sql.calcite.remote.CalciteMathematicalFunctionIT,testConv,,StreamException — Failed to start streaming fragment on [opensearch-sql_test_index_bank][0],org.opensearch.sql.calcite.remote.CalciteMathematicalFunctionIT.testConv
110,Stability,1,org.opensearch.sql.calcite.remote.CalcitePPLAggregationIT,testPercentileShortcuts,,StreamException — Failed to start streaming fragment on [opensearch-sql_test_index_bank][0],org.opensearch.sql.calcite.remote.CalcitePPLAggregationIT.testPercentileShortcuts
111,Stability,1,org.opensearch.sql.calcite.remote.CalcitePPLAggregationIT,testPercentileShortcutsFloatingEquivalence,,StreamException — Failed to start streaming fragment on [opensearch-sql_test_index_bank][0],org.opensearch.sql.calcite.remote.CalcitePPLAggregationIT.testPercentileShortcutsFloatingEquivalence
112,Stability,1,org.opensearch.sql.calcite.remote.CalcitePPLAggregationIT,testPercentileShortcutsFloatingPoint,,StreamException — Failed to start streaming fragment on [opensearch-sql_test_index_bank][0],org.opensearch.sql.calcite.remote.CalcitePPLAggregationIT.testPercentileShortcutsFloatingPoint
113,Stability,1,org.opensearch.sql.calcite.remote.CalcitePPLAggregationIT,testPercentileShortcutsEquivalentToStandard,,StreamException — Failed to start streaming fragment on [opensearch-sql_test_index_bank][0],org.opensearch.sql.calcite.remote.CalcitePPLAggregationIT.testPercentileShortcutsEquivalentToStandard
114,Stability,1,org.opensearch.sql.calcite.remote.CalcitePPLAggregationIT,testPercentileShortcutsWithDecimals,,StreamException — Failed to start streaming fragment on [opensearch-sql_test_index_bank][0],org.opensearch.sql.calcite.remote.CalcitePPLAggregationIT.testPercentileShortcutsWithDecimals
115,Stability,1,org.opensearch.sql.calcite.remote.CalcitePPLAggregationPaginatingIT,testPercentileShortcuts,,StreamException — Failed to start streaming fragment on [opensearch-sql_test_index_bank][0],org.opensearch.sql.calcite.remote.CalcitePPLAggregationPaginatingIT.testPercentileShortcuts
116,Stability,1,org.opensearch.sql.calcite.remote.CalcitePPLAggregationPaginatingIT,testPercentileShortcutsFloatingEquivalence,,StreamException — Failed to start streaming fragment on [opensearch-sql_test_index_bank][0],org.opensearch.sql.calcite.remote.CalcitePPLAggregationPaginatingIT.testPercentileShortcutsFloatingEquivalence
117,Stability,1,org.opensearch.sql.calcite.remote.CalcitePPLAggregationPaginatingIT,testPercentileShortcutsFloatingPoint,,StreamException — Failed to start streaming fragment on [opensearch-sql_test_index_bank][0],org.opensearch.sql.calcite.remote.CalcitePPLAggregationPaginatingIT.testPercentileShortcutsFloatingPoint
118,Stability,1,org.opensearch.sql.calcite.remote.CalcitePPLBuiltinDatetimeFunctionInvalidIT,testMONTHNAMEInvalid,,StreamException — Failed to start streaming fragment on [opensearch-sql_test_index_date_formats_with_null][0],org.opensearch.sql.calcite.remote.CalcitePPLBuiltinDatetimeFunctionInvalidIT.testMONTHNAMEInvalid
119,Stability,1,org.opensearch.sql.calcite.remote.CalcitePPLBuiltinDatetimeFunctionInvalidIT,testDAYNAMEInvalid,,StreamException — Failed to start streaming fragment on [opensearch-sql_test_index_date_formats_with_null][0],org.opensearch.sql.calcite.remote.CalcitePPLBuiltinDatetimeFunctionInvalidIT.testDAYNAMEInvalid
120,Stability,1,org.opensearch.sql.calcite.remote.CalcitePPLMapPathIT,testReplaceOnMapPath,,StreamException — Failed to start streaming fragment on [opensearch-sql_test_index_spath][0],org.opensearch.sql.calcite.remote.CalcitePPLMapPathIT.testReplaceOnMapPath
121,Stability,1,org.opensearch.sql.calcite.remote.CalcitePPLMapPathIT,testMultipleCommandsOnSameMapPath,,StreamException — Failed to start streaming fragment on [opensearch-sql_test_index_spath][0],org.opensearch.sql.calcite.remote.CalcitePPLMapPathIT.testMultipleCommandsOnSameMapPath
122,Stability,1,org.opensearch.sql.calcite.remote.CalcitePPLMapPathIT,testParseOnMapPath,,StreamException — Failed to start streaming fragment on [opensearch-sql_test_index_spath][0],org.opensearch.sql.calcite.remote.CalcitePPLMapPathIT.testParseOnMapPath
123,Stability,1,org.opensearch.sql.calcite.remote.CalcitePPLMapPathIT,testRexOnMapPath,,StreamException — Failed to start streaming fragment on [opensearch-sql_test_index_spath][0],org.opensearch.sql.calcite.remote.CalcitePPLMapPathIT.testRexOnMapPath
124,Stability,1,org.opensearch.sql.calcite.remote.CalcitePPLMapPathIT,testRareByOnMapPath,,StreamException — Failed to start streaming fragment on [opensearch-sql_test_index_spath][0],org.opensearch.sql.calcite.remote.CalcitePPLMapPathIT.testRareByOnMapPath
125,Stability,1,org.opensearch.sql.calcite.remote.CalcitePPLMapPathIT,testRenameOnMapPath,,StreamException — Failed to start streaming fragment on [opensearch-sql_test_index_spath][0],org.opensearch.sql.calcite.remote.CalcitePPLMapPathIT.testRenameOnMapPath
126,Stability,1,org.opensearch.sql.calcite.remote.CalcitePPLMapPathIT,testEvalOnMapPath,,StreamException — Failed to start streaming fragment on [opensearch-sql_test_index_spath][0],org.opensearch.sql.calcite.remote.CalcitePPLMapPathIT.testEvalOnMapPath
127,Stability,1,org.opensearch.sql.calcite.remote.CalcitePPLMapPathIT,testSortOnMapPath,,StreamException — Failed to start streaming fragment on [opensearch-sql_test_index_spath][0],org.opensearch.sql.calcite.remote.CalcitePPLMapPathIT.testSortOnMapPath
128,Stability,1,org.opensearch.sql.calcite.remote.CalcitePPLMapPathIT,testChartOnMapPath,,StreamException — Failed to start streaming fragment on [opensearch-sql_test_index_spath][0],org.opensearch.sql.calcite.remote.CalcitePPLMapPathIT.testChartOnMapPath
129,Stability,1,org.opensearch.sql.calcite.remote.CalcitePPLMapPathIT,testWhereOnMapPath,,StreamException — Failed to start streaming fragment on [opensearch-sql_test_index_spath][0],org.opensearch.sql.calcite.remote.CalcitePPLMapPathIT.testWhereOnMapPath
130,Stability,1,org.opensearch.sql.calcite.remote.CalcitePPLMapPathIT,testAddtotalsOnMapPath,,StreamException — Failed to start streaming fragment on [opensearch-sql_test_index_spath][0],org.opensearch.sql.calcite.remote.CalcitePPLMapPathIT.testAddtotalsOnMapPath
131,Stability,1,org.opensearch.sql.calcite.remote.CalcitePPLMapPathIT,testRenameWildcardOnMapPath,,StreamException — Failed to start streaming fragment on [opensearch-sql_test_index_spath][0],org.opensearch.sql.calcite.remote.CalcitePPLMapPathIT.testRenameWildcardOnMapPath
132,Stability,1,org.opensearch.sql.calcite.remote.CalcitePPLMapPathIT,testFillnullOnMapPath,,StreamException — Failed to start streaming fragment on [opensearch-sql_test_index_spath][0],org.opensearch.sql.calcite.remote.CalcitePPLMapPathIT.testFillnullOnMapPath
133,Stability,1,org.opensearch.sql.calcite.remote.CalcitePPLMapPathIT,testStreamstatsByMapPath,,StreamException — Failed to start streaming fragment on [opensearch-sql_test_index_spath][0],org.opensearch.sql.calcite.remote.CalcitePPLMapPathIT.testStreamstatsByMapPath
134,Stability,1,org.opensearch.sql.calcite.remote.CalcitePPLMapPathIT,testEventstatsOnMapPath,,StreamException — Failed to start streaming fragment on [opensearch-sql_test_index_spath][0],org.opensearch.sql.calcite.remote.CalcitePPLMapPathIT.testEventstatsOnMapPath
135,Stability,1,org.opensearch.sql.calcite.remote.CalcitePPLMapPathIT,testTopOnMapPath,,StreamException — Failed to start streaming fragment on [opensearch-sql_test_index_spath][0],org.opensearch.sql.calcite.remote.CalcitePPLMapPathIT.testTopOnMapPath
136,Stability,1,org.opensearch.sql.calcite.remote.CalcitePPLMapPathIT,testStatsOnMapPath,,StreamException — Failed to start streaming fragment on [opensearch-sql_test_index_spath][0],org.opensearch.sql.calcite.remote.CalcitePPLMapPathIT.testStatsOnMapPath
137,Stability,1,org.opensearch.sql.calcite.remote.CalcitePPLMapPathIT,testFieldsExclusionOnMapPath,,StreamException — Failed to start streaming fragment on [opensearch-sql_test_index_spath][0],org.opensearch.sql.calcite.remote.CalcitePPLMapPathIT.testFieldsExclusionOnMapPath
138,Stability,1,org.opensearch.sql.calcite.remote.CalcitePPLMapPathIT,testDedupOnMapPath,,StreamException — Failed to start streaming fragment on [opensearch-sql_test_index_spath][0],org.opensearch.sql.calcite.remote.CalcitePPLMapPathIT.testDedupOnMapPath
139,Stability,1,org.opensearch.sql.calcite.remote.CalcitePPLMapPathIT,testPatternsOnMapPath,,StreamException — Failed to start streaming fragment on [opensearch-sql_test_index_spath][0],org.opensearch.sql.calcite.remote.CalcitePPLMapPathIT.testPatternsOnMapPath
140,Stability,1,org.opensearch.sql.calcite.remote.CalcitePPLMapPathIT,testFieldsExclusionWildcardOnMapPath,,StreamException — Failed to start streaming fragment on [opensearch-sql_test_index_spath][0],org.opensearch.sql.calcite.remote.CalcitePPLMapPathIT.testFieldsExclusionWildcardOnMapPath
141,Stability,1,org.opensearch.sql.calcite.remote.CalcitePPLMapPathIT,testTrendlineOnMapPath,,StreamException — Failed to start streaming fragment on [opensearch-sql_test_index_spath][0],org.opensearch.sql.calcite.remote.CalcitePPLMapPathIT.testTrendlineOnMapPath
142,Stability,1,org.opensearch.sql.calcite.remote.CalcitePPLMapPathIT,testLookupOnMapPath,,StreamException — Failed to start streaming fragment on [opensearch-sql_test_index_spath_lookup][0],org.opensearch.sql.calcite.remote.CalcitePPLMapPathIT.testLookupOnMapPath
143,Stability,1,org.opensearch.sql.calcite.remote.CalcitePPLMapPathIT,testJoinOnMapPath,,StreamException — Failed to start streaming fragment on [opensearch-sql_test_index_spath_lookup][0],org.opensearch.sql.calcite.remote.CalcitePPLMapPathIT.testJoinOnMapPath
144,Stability,1,org.opensearch.sql.calcite.remote.CalcitePPLBasicIT,testFilterQuery2,,StreamException — Failed to start streaming fragment on [test][0],org.opensearch.sql.calcite.remote.CalcitePPLBasicIT.testFilterQuery2
145,Stability,1,org.opensearch.sql.calcite.remote.CalcitePPLBasicIT,testIndexPatterns,,StreamException — Failed to start streaming fragment on [test][0],org.opensearch.sql.calcite.remote.CalcitePPLBasicIT.testIndexPatterns
146,Stability,1,org.opensearch.sql.calcite.remote.CalcitePPLBasicIT,testFilterQuery4,,StreamException — Failed to start streaming fragment on [test][0],org.opensearch.sql.calcite.remote.CalcitePPLBasicIT.testFilterQuery4
147,Stability,1,org.opensearch.sql.calcite.remote.CalcitePPLBasicIT,testDecimalLiteral,,StreamException — Failed to start streaming fragment on [test][0],org.opensearch.sql.calcite.remote.CalcitePPLBasicIT.testDecimalLiteral
148,Stability,1,org.opensearch.sql.calcite.remote.CalcitePPLBasicIT,testSourceQuery,,StreamException — Failed to start streaming fragment on [test][0],org.opensearch.sql.calcite.remote.CalcitePPLBasicIT.testSourceQuery
149,Stability,1,org.opensearch.sql.calcite.remote.CalcitePPLBasicIT,testFilterQuery1,,StreamException — Failed to start streaming fragment on [test][0],org.opensearch.sql.calcite.remote.CalcitePPLBasicIT.testFilterQuery1
150,Stability,1,org.opensearch.sql.calcite.remote.CalcitePPLBasicIT,testFilterQuery3,,StreamException — Failed to start streaming fragment on [test][0],org.opensearch.sql.calcite.remote.CalcitePPLBasicIT.testFilterQuery3
151,Stability,1,org.opensearch.sql.calcite.remote.CalcitePPLBasicIT,testSourceFieldQuery,,StreamException — Failed to start streaming fragment on [test][0],org.opensearch.sql.calcite.remote.CalcitePPLBasicIT.testSourceFieldQuery
152,Stability,1,org.opensearch.sql.calcite.remote.CalcitePPLBasicIT,testMultipleSourceQuery_DifferentTables,,StreamException — Failed to start streaming fragment on [test][0],org.opensearch.sql.calcite.remote.CalcitePPLBasicIT.testMultipleSourceQuery_DifferentTables
153,Stability,1,org.opensearch.sql.calcite.remote.CalcitePPLBasicIT,testNumericLiteral,,StreamException — Failed to start streaming fragment on [test][0],org.opensearch.sql.calcite.remote.CalcitePPLBasicIT.testNumericLiteral
154,Stability,1,org.opensearch.sql.calcite.remote.CalcitePPLBasicIT,testMultipleSourceQuery_SameTable,,StreamException — Failed to start streaming fragment on [test][0],org.opensearch.sql.calcite.remote.CalcitePPLBasicIT.testMultipleSourceQuery_SameTable
155,Stability,1,org.opensearch.sql.calcite.remote.CalcitePPLParseIT,testParseOverriding2,,StreamException — Failed to start streaming fragment on [test][0],org.opensearch.sql.calcite.remote.CalcitePPLParseIT.testParseOverriding2
156,Stability,1,org.opensearch.sql.calcite.remote.CalciteMixedFieldTypeIT,testWildcardQueryWithRexOnMixedField,,StreamException — Failed to start streaming fragment on [test_log_text_4659][0],org.opensearch.sql.calcite.remote.CalciteMixedFieldTypeIT.testWildcardQueryWithRexOnMixedField
157,Stability,1,org.opensearch.sql.calcite.remote.CalciteMixedFieldTypeIT,testWildcardQueryWithScriptFilterOnMixedField,,StreamException — Failed to start streaming fragment on [test_log_text_4659][0],org.opensearch.sql.calcite.remote.CalciteMixedFieldTypeIT.testWildcardQueryWithScriptFilterOnMixedField
158,Stability,1,org.opensearch.sql.calcite.remote.CalciteMixedFieldTypeIT,testWildcardQueryWithMixedTextAndKeywordField,,StreamException — Failed to start streaming fragment on [test_log_text_4659][0],org.opensearch.sql.calcite.remote.CalciteMixedFieldTypeIT.testWildcardQueryWithMixedTextAndKeywordField
159,Stability,1,org.opensearch.sql.calcite.remote.CalciteMixedFieldTypeIT,testWildcardQueryWithEvalOnMixedField,,StreamException — Failed to start streaming fragment on [test_log_text_4659][0],org.opensearch.sql.calcite.remote.CalciteMixedFieldTypeIT.testWildcardQueryWithEvalOnMixedField
160,Stability,1,org.opensearch.sql.calcite.remote.CalcitePPLAppendPipeCommandIT,testDoubleAppendPipeWithFilter,,TaskCancelledException — TaskCancelledException[query cancelled],org.opensearch.sql.calcite.remote.CalcitePPLAppendPipeCommandIT.testDoubleAppendPipeWithFilter
161,Stability,1,org.opensearch.sql.calcite.remote.CalciteDataTypeIT,test_numeric_data_types,,bigint — java.lang.AssertionError:,org.opensearch.sql.calcite.remote.CalciteDataTypeIT.test_numeric_data_types
162,Stability,1,org.opensearch.sql.calcite.remote.CalciteAnalyticsDatetimeWireFormatIT,testDateRootColumnYmdFormat,,date — java.lang.AssertionError:,org.opensearch.sql.calcite.remote.CalciteAnalyticsDatetimeWireFormatIT.testDateRootColumnYmdFormat
163,Stability,1,org.opensearch.sql.calcite.remote.CalciteAnalyticsDatetimeWireFormatIT,testTimeRootColumnHmsFormat,,time — java.lang.AssertionError:,org.opensearch.sql.calcite.remote.CalciteAnalyticsDatetimeWireFormatIT.testTimeRootColumnHmsFormat
164,Unsupported,1,org.opensearch.sql.calcite.remote.CalciteDataTypeIT,testBooleanFieldFromString,,unsupported_operation_exception — delete operation not supported.,org.opensearch.sql.calcite.remote.CalciteDataTypeIT.testBooleanFieldFromString
